Compound,Date,Negative,Neutral,Positive,Tweet Text,Tweets Ago,User
0.0,Sat Oct 06 18:06:06 +0000 2018,0.0,1.0,0.0,Most polite stag do ever üòÇ https://t.co/Vdz6abFUA5,1,@BBC
0.0,Sat Oct 06 17:07:02 +0000 2018,0.0,1.0,0.0,A horse walks into a bar... https://t.co/0e9rcMyq26,2,@BBC
0.4939,Sat Oct 06 16:05:06 +0000 2018,0.0,0.819,0.181,"Hundreds of sculptures lie at the bottom of the sea in Cancun, where they play an important role in conservation. https://t.co/elKcb1ArXb",3,@BBC
-0.5574,Sat Oct 06 15:54:44 +0000 2018,0.265,0.735,0.0,RT @BBCNewsEnts: Opera singer Montserrat Caball√© has died at 85 https://t.co/XjCDKCe3Wo,4,@BBC
0.0,Sat Oct 06 15:32:00 +0000 2018,0.0,1.0,0.0,"These caves in rural Italy have been transformed into hotel rooms. üòçüáÆüáπ

#Mediterranean with @Simon_Reeve starts on‚Ä¶ https://t.co/odrZvluN8x",5,@BBC
-0.4189,Sat Oct 06 15:11:07 +0000 2018,0.238,0.655,0.108,"Please can everyone stop drinking their own urine?
It‚Äôs really not very good for you.
üëâ https://t.co/gJwPTW9aiI https://t.co/E8aW02uYqp",6,@BBC
0.0,Sat Oct 06 14:06:03 +0000 2018,0.0,1.0,0.0,"Going, going, gone!

A Banksy artwork shredded itself after it was sold for more than ¬£1m at Sotheby's in London.‚Ä¶ https://t.co/Qm7OwhiXT5",7,@BBC
-0.4939,Sat Oct 06 13:10:02 +0000 2018,0.225,0.775,0.0,‚ù§Ô∏è George Shelley opens up about grief and how to cope. https://t.co/4SajjiJI6e,8,@BBC
-0.4588,Sat Oct 06 12:08:01 +0000 2018,0.231,0.769,0.0,Footage shows hundreds of tents abandoned by people after #LeedsFestival‚Ä¶ https://t.co/VPTNlAVId4,9,@BBC
0.5095,Sat Oct 06 11:07:05 +0000 2018,0.127,0.586,0.288,"üéì Losing friends, moving home and being broke... what's life after university really like?
üëâ https://t.co/5sabryzvbw https://t.co/9x23y45XtO",10,@BBC
-0.128,Sat Oct 06 10:03:00 +0000 2018,0.154,0.711,0.134,"‚úâÔ∏è @StephenFry reads the letters of Otto von W√§chter, a senior Austrian Nazi who escaped justice after the war.

Li‚Ä¶ https://t.co/eadlYB4D0K",11,@BBC
-0.4767,Sat Oct 06 09:08:03 +0000 2018,0.205,0.795,0.0,"How a bike accident transformed the lives of thousands of disabled people. 
#BBCInnovators https://t.co/NKOauhKD7M",12,@BBC
0.4939,Sat Oct 06 08:07:02 +0000 2018,0.0,0.856,0.144,"‚úçÔ∏è Inspired by the book he famously illustrated 30 years ago, Sir Quentin Blake imagines what Roald Dahl's Matilda‚Ä¶ https://t.co/DzXk7J6M2p",13,@BBC
0.2732,Sat Oct 06 07:40:34 +0000 2018,0.066,0.823,0.111,"RT @BBCTheOneShow: 1.5 million people may have been affected by the tsunami in Sulawesi. 
Here‚Äôs how you can help the @decappeal https://t.‚Ä¶",14,@BBC
0.7003,Sat Oct 06 07:08:02 +0000 2018,0.0,0.655,0.345,"‚òïÔ∏èüíõ This Amazing Human uses coffee to give homeless people a second chance.

https://t.co/wOc1ce2B3J",15,@BBC
-0.8074,Fri Oct 05 19:04:05 +0000 2018,0.356,0.644,0.0,"Follow some of the debt counsellors working for Christians Against Poverty.

The Debt Saviours | 9pm | @BBCTwo |‚Ä¶ https://t.co/t0c5uwl4jk",16,@BBC
0.0,Fri Oct 05 18:08:03 +0000 2018,0.0,1.0,0.0,üí™üêî Check out these miniature chicken bodybuilders. https://t.co/rfRrfZMVkM,17,@BBC
0.0,Fri Oct 05 17:03:08 +0000 2018,0.0,1.0,0.0,John Humphrys presents the first heat of the series as the hunt for the nation's Mastermind gets back underway.‚Ä¶ https://t.co/hQdf779Yeo,18,@BBC
0.0,Fri Oct 05 16:05:04 +0000 2018,0.0,1.0,0.0,FACT: Britons can only let go emotionally when a barmaid breaks some glasses... üòÇ #TheMashReport https://t.co/Hk2tqQv8WR,19,@BBC
0.3612,Fri Oct 05 15:32:37 +0000 2018,0.0,0.872,0.128,"RT @1Xtra: .@RayBLK_'s #LiveLounge cover of 'A Natural Woman' for #BackHistoryMonth was just incredible.  

Full video üëâüèø https://t.co/6TNL‚Ä¶",20,@BBC
0.7717,Fri Oct 05 14:06:12 +0000 2018,0.0,0.642,0.358,"RT @BBCWales: üòÇ Best global marketing campaign ever? 

üÜï #FestivalofFunny comedy: #TouristTrap 
‚≠êÔ∏è @MikeBubbins, @MariBarf, @SallyEPhillips‚Ä¶",21,@BBC
0.3612,Fri Oct 05 14:06:04 +0000 2018,0.0,0.889,0.111,"RT @BBCWales: The new tourism head honcho for Wales gets hands on as she learns all about making love...spoons. üòÜ

üÜï Comedy: #TouristTrap‚Ä¶",22,@BBC
0.0,Fri Oct 05 13:55:03 +0000 2018,0.0,1.0,0.0,"RT @BBCWales: üòÆWE JUST DROPPED ALL OF #TOURISTTRAP ON @BBCIPLAYER. 

‚ú®WATCH EVERY EPISODE HERE üëâ https://t.co/kOmZRWZt8D

üëçHAPPY FRIDAY! #F‚Ä¶",23,@BBC
-0.1027,Fri Oct 05 13:02:07 +0000 2018,0.091,0.909,0.0,"'I hid my baby from social services in case they took it away.'
üëâ https://t.co/GzIQQwypFT https://t.co/2m4sqlGogP",24,@BBC
0.1779,Fri Oct 05 12:33:00 +0000 2018,0.131,0.657,0.211,"Raoul the turtle had a lucky escape after getting tangled in plastic waste. üê¢

#Mediterranean with @simon_reeve sta‚Ä¶ https://t.co/naQPqpDwpy",25,@BBC
0.0,Fri Oct 05 12:03:07 +0000 2018,0.0,1.0,0.0,"üê¨ This woman taught a dolphin to speak English. 

üîà Sound up for this one‚Ä¶  https://t.co/wck12UVoRr",26,@BBC
0.8555,Fri Oct 05 11:03:05 +0000 2018,0.0,0.669,0.331,"Why does everybody love moth memes?

It's the one-sided love story that we can all relate to...
üëâ‚Ä¶ https://t.co/55Oz8ULaX3",27,@BBC
0.743,Fri Oct 05 10:00:25 +0000 2018,0.0,0.674,0.326,"RT @BBCTwo: We literally can't get enough of @donaldglover's amazing smile. üòÅüòÅ #Atlanta #WorldSmileDay
https://t.co/ovzKcY0pKg",28,@BBC
0.3818,Fri Oct 05 09:32:19 +0000 2018,0.22,0.478,0.303,"The Nobel Peace Prize has been awarded to campaigners against rape in warfare Nadia Murad and Denis Mukwege. 
üëâ‚Ä¶ https://t.co/getpPN0hD9",29,@BBC
0.7414,Fri Oct 05 09:27:55 +0000 2018,0.0,0.77,0.23,RT @BBC_Teach: It‚Äôs #WorldTeachersDay üë©üè´ so to celebrate we're inviting you to upload a video of yourself singing &amp; dancing along to one of‚Ä¶,30,@BBC
-0.6705,Fri Oct 05 09:08:05 +0000 2018,0.2,0.8,0.0,"The quest for extreme selfies killed 259 people between 2011 and 2017, a 2018 global study has revealed.
üëâ‚Ä¶ https://t.co/uojB5RWAf2",31,@BBC
0.5994,Fri Oct 05 08:00:11 +0000 2018,0.0,0.804,0.196,üë©üèæ‚Äçüé®üé®üñº This artist on a mission to change how black women are illustrated with her beautiful designs. https://t.co/OiKhaT5joi,32,@BBC
0.5719,Fri Oct 05 07:08:05 +0000 2018,0.0,0.719,0.281,"From dream job to reality: How do career dreams really work out?
üëâ https://t.co/jXwJd5MzSu https://t.co/cf8HHuYtyi",33,@BBC
0.0,Fri Oct 05 06:11:03 +0000 2018,0.0,1.0,0.0,"These urban corals are thriving against all odds in Miami.

#OurBluePlanet w/ @oceanx + @coralmorph https://t.co/zjeBH83ZM7",34,@BBC
0.0,Thu Oct 04 20:06:04 +0000 2018,0.0,1.0,0.0,"üé∂ @BTS_twt is the #KPop band taking over the world and smashing records everywhere. 

Who are they and how did they‚Ä¶ https://t.co/SSFjTKFAjU",35,@BBC
-0.5209,Thu Oct 04 19:01:08 +0000 2018,0.227,0.673,0.101,"Could the power of fake pills be used to treat some of our most common medical complaints? üíä

#Horizon The Placebo‚Ä¶ https://t.co/R3YMojVEYu",36,@BBC
0.0,Thu Oct 04 18:01:09 +0000 2018,0.0,1.0,0.0,"This is how homophobia feels in 2018. 
#NationalPoetryDay https://t.co/Dk2F3dDLPl",37,@BBC
-0.6124,Thu Oct 04 17:11:06 +0000 2018,0.26,0.64,0.1,"ü•ì Regularly eating foods like bacon and sausages may raise the risk of breast cancer, according to researchers.
üëâ‚Ä¶ https://t.co/drh72r7tDj",38,@BBC
0.4215,Thu Oct 04 16:03:07 +0000 2018,0.0,0.714,0.286,"Maya Angelou: prolific, powerful, and a polymath. 
#BlackHistoryMonth https://t.co/99z0ppyKYK",39,@BBC
-0.4588,Thu Oct 04 15:29:47 +0000 2018,0.242,0.67,0.088,"RT @BBCWales: Forget the lies and the myths about growing up on an estate. 

#NationalPoetryDay

https://t.co/HPKwfqx7bq",40,@BBC
0.0,Thu Oct 04 14:01:23 +0000 2018,0.0,1.0,0.0,"How did Shakespeare invent all those clich√©s? And how can he be stopped?! ü§î
#NationalPoetryDay  https://t.co/sCmnhZiv4G",41,@BBC
0.1531,Thu Oct 04 13:03:03 +0000 2018,0.0,0.849,0.151,"üå°üåç What does 1.5C mean in a warming world?
üëâ https://t.co/XzjY5M8oNl https://t.co/kMLXVnvjxm",42,@BBC
-0.25,Thu Oct 04 12:02:05 +0000 2018,0.357,0.429,0.214,Are you feeling lonely? https://t.co/HxqBp6oh17,43,@BBC
0.4404,Thu Oct 04 11:28:10 +0000 2018,0.0,0.813,0.187,"RT @BBCEarth: This #WorldAnimalDay, we‚Äôre giving you an exclusive first look at David Attenborough‚Äôs new series.

#Dynasties - Coming soon‚Ä¶",44,@BBC
0.0,Thu Oct 04 11:13:01 +0000 2018,0.0,1.0,0.0,"Ever heard a beatboxing starling? üîäüîä
#WorldAnimalDay https://t.co/N758EN4j3s",45,@BBC
0.1759,Thu Oct 04 10:45:47 +0000 2018,0.206,0.546,0.248,"The pika might just be the world's cutest thief! 
#WorldAnimalDay https://t.co/v8dSKoVYgD",46,@BBC
0.0,Thu Oct 04 10:26:38 +0000 2018,0.0,1.0,0.0,Could this squat be a moment that sparks change? https://t.co/GFXOeWufHl,47,@BBC
0.4939,Thu Oct 04 08:00:04 +0000 2018,0.0,0.775,0.225,"üê¨ A dolphin with a prosthetic tail inspired Ellie‚Äôs Paralympic journey.

#OurBluePlanet w/ @oceanx https://t.co/WtUfOh4W2Z",48,@BBC
-0.2263,Thu Oct 04 07:03:02 +0000 2018,0.239,0.516,0.245,"ü•ó Eating a Mediterranean diet may help prevent depression, research suggests.
üëâ https://t.co/FIpHPRQHqV https://t.co/tl4BbDsxUa",49,@BBC
-0.5994,Thu Oct 04 06:03:01 +0000 2018,0.231,0.769,0.0,"3 homeless people die every week in the UK.
Meanwhile in Finland...

(via @BBCThree) https://t.co/P4MYjbE4d1",50,@BBC
0.4939,Wed Oct 03 19:04:04 +0000 2018,0.0,0.819,0.181,"The search for Lord Sugar's next business partner begins, and this year the challenges are bigger and better than e‚Ä¶ https://t.co/El1AyC5sXs",51,@BBC
0.0,Wed Oct 03 17:59:01 +0000 2018,0.0,1.0,0.0,üéß‚ù§Ô∏è Dementia playlists are making such a big difference to these people.  https://t.co/ojVDVuP6to,52,@BBC
0.0,Wed Oct 03 17:03:42 +0000 2018,0.0,1.0,0.0,RT @BBCnireland: ‚úç @BBCApprentice is back tonight on @BBCOne so here are some tips to get you hired! - https://t.co/gc5KSIFQf1 https://t.co‚Ä¶,53,@BBC
0.4404,Wed Oct 03 16:55:01 +0000 2018,0.0,0.861,0.139,‚ù§Ô∏è Couples will soon be able to choose a civil partnership instead of a marriage thanks to Rebecca and Charles. https://t.co/nampxOV5ur,54,@BBC
0.0,Wed Oct 03 15:58:03 +0000 2018,0.0,1.0,0.0,üçú The humble origins of an incredibly versatile food ‚Äì the potted history of instant noodles. https://t.co/3RMBZ33zFY,55,@BBC
0.0,Wed Oct 03 13:04:03 +0000 2018,0.0,1.0,0.0,"üåô 'Leonardo da Vinci was the first recorded person to realise what a crescent moon was.'

Nine out of this world fa‚Ä¶ https://t.co/cpzfOniwxA",56,@BBC
0.0343,Wed Oct 03 11:57:04 +0000 2018,0.159,0.675,0.166,"That time @RyanGosling was training to be an astronaut and DEFINITELY WASN'T (was) sick. 
#TheGNShow https://t.co/mf8dnizxAV",57,@BBC
0.2732,Wed Oct 03 11:01:02 +0000 2018,0.0,0.89,0.11,"üï∫üéô 'Tom Daley was an Elvis impersonator - with his dad'

10 surprising things we learned from @TomDaley1994‚Äôs‚Ä¶ https://t.co/NGQAEEJWdl",58,@BBC
-0.5574,Wed Oct 03 08:02:04 +0000 2018,0.247,0.753,0.0,"19-year-old rapper Kitch has a stutter when he speaks - but when he performs, it usually disappears. https://t.co/tVXhIeAwEg",59,@BBC
0.0,Wed Oct 03 08:01:24 +0000 2018,0.0,1.0,0.0,"RT @BBCRadio2: ü•ÅDrumroll please!ü•Å

Our brand new Breakfast Show host is @ZoeTheBall! üëè

https://t.co/th597DBxQI https://t.co/dbfQgMsuHO",60,@BBC
-0.6124,Wed Oct 03 07:04:08 +0000 2018,0.192,0.808,0.0,"üêß A zoo has been forced to fill its new penguin exhibit with models, as a shortage of birds means it is unable to g‚Ä¶ https://t.co/BmSAy8zQJP",61,@BBC
0.0,Wed Oct 03 06:08:02 +0000 2018,0.0,1.0,0.0,"""Oh, I'm so sorry,"" and other things not to say to amputees. 
(via @BBCThree) https://t.co/L8eiOleNyi",62,@BBC
0.0,Tue Oct 02 19:02:07 +0000 2018,0.0,1.0,0.0,"Discover the extraordinary story of how a small Scottish bank grew to briefly become the biggest in the world, befo‚Ä¶ https://t.co/OQpgOJ7edi",63,@BBC
-0.802,Tue Oct 02 17:55:03 +0000 2018,0.427,0.573,0.0,Knife crime is up 22%. Who are the victims and what‚Äôs to blame? https://t.co/ZEAml31p9m,64,@BBC
0.4019,Tue Oct 02 17:06:06 +0000 2018,0.0,0.803,0.197,"The gender reveal party that sparked a massive 47,000 acre wildfire. 
üëâ https://t.co/b0Xc17AuK5 https://t.co/ROh8TOMH7K",65,@BBC
0.5574,Tue Oct 02 16:06:02 +0000 2018,0.0,0.816,0.184,"In 2002, Iberian Lynx were the rarest cats in the world. But then something remarkable happened... https://t.co/iEVCaSDvjN",66,@BBC
-0.2732,Tue Oct 02 14:06:04 +0000 2018,0.242,0.554,0.204,Two scientists who discovered how to fight cancer using the body's immune system have won the 2018 #NobelPrize for‚Ä¶ https://t.co/fIj6Ly7Z3u,67,@BBC
0.5994,Tue Oct 02 13:05:03 +0000 2018,0.0,0.795,0.205,"üç≤üòã A bowl of warm, hearty stew is always a welcome sight on a cold day.

From a classic beef stew to a vegetarian h‚Ä¶ https://t.co/1X1qdk14Oh",68,@BBC
0.0,Tue Oct 02 12:05:04 +0000 2018,0.0,1.0,0.0,"Jodie Whittaker. New Doctor...and a 'Shat Lass'.
#TheGNShow #DoctorWho https://t.co/25HwEbjAfn",69,@BBC
0.5719,Tue Oct 02 10:47:27 +0000 2018,0.0,0.829,0.171,"Donna Strickland has become the first woman to have won the #NobelPrize in Physics in 55 years. 
üëâ‚Ä¶ https://t.co/hGIojnR1W0",70,@BBC
0.0,Tue Oct 02 10:27:17 +0000 2018,0.0,1.0,0.0,"RT @BBCSport: SPOTY is back - and there are some big changes.

The BBC Sports Personality of the Year 2018 contenders will be revealed on t‚Ä¶",71,@BBC
0.6696,Tue Oct 02 10:16:58 +0000 2018,0.0,0.728,0.272,"‚ù§Ô∏èüíÉüèª Ballet is still the love of Joyce's life at 98-years-old! 
#WorldBalletDay https://t.co/nzr3Jy1wbS",72,@BBC
-0.6705,Tue Oct 02 09:22:00 +0000 2018,0.231,0.769,0.0,"Over 300,000 marine animals are killed after becoming entangled in fishing gear every year. 
#DrowningInPlastic‚Ä¶ https://t.co/WmFqGMo8Es",73,@BBC
0.0,Tue Oct 02 09:10:44 +0000 2018,0.0,1.0,0.0,RT @bbccomedy: ‚ÄòThere She Goes‚Äô starring @JefficaHoons and David Tennant comes to @BBCFOUR on October 16th. https://t.co/tH37Wg5TBC,74,@BBC
-0.7964,Tue Oct 02 08:00:09 +0000 2018,0.321,0.679,0.0,"In January 1918, the Spanish flu swept the world and killed more people than WW1. 
#TheFluThatKilled50Million https://t.co/WinYKnWfSA",75,@BBC
0.0,Tue Oct 02 07:05:06 +0000 2018,0.0,1.0,0.0,"üëõ Do you know where your tips go? 

A guide to how tipping works in restaurants.
üëâ https://t.co/CNU4t3iogG https://t.co/7dcsckQwcG",76,@BBC
-0.6486,Tue Oct 02 06:09:05 +0000 2018,0.202,0.798,0.0,"More than half of the world's killer whales could be wiped out by man-made chemicals, scientists say.  https://t.co/w1SaxVchyO",77,@BBC
-0.128,Mon Oct 01 19:00:01 +0000 2018,0.081,0.919,0.0,Wildlife biologist @LizBonnin visits scientists working at the cutting edge of plastics research. She works with le‚Ä¶ https://t.co/rSc4ZR9MEX,78,@BBC
0.0,Mon Oct 01 17:16:04 +0000 2018,0.0,1.0,0.0,"A 19-year-old university student has described his photograph of a white fallow buck sneezing as a ""one-in-a-millio‚Ä¶ https://t.co/A1q3ZEIz2z",79,@BBC
0.7506,Mon Oct 01 16:05:44 +0000 2018,0.0,0.738,0.262,"RT @BBCFood: ü•ï It's World Vegetarian Day and we're celebrating all things veggie. Whether you're looking for a quick lunch, a healthy trayb‚Ä¶",80,@BBC
0.0,Mon Oct 01 15:48:02 +0000 2018,0.0,1.0,0.0,"RT @CBeebiesHQ: Cuddle up cheek to cheek!

Sharon D. Clarke is back for tonight's #BedtimeStory üò¥üìö

The biographical tale of Ella Fitzgeral‚Ä¶",81,@BBC
0.0,Mon Oct 01 15:00:02 +0000 2018,0.0,1.0,0.0,These scientists have found plastic in every area of the Arctic; there are about 225 trillion particles in the whol‚Ä¶ https://t.co/UoKtCXow1b,82,@BBC
0.0,Mon Oct 01 14:01:07 +0000 2018,0.0,1.0,0.0,"An Astrophysicist? A World Traveller? CEO of the British Library? üî≠üìöü§∑

Illustrator Sir Quentin Blake has reimagined‚Ä¶ https://t.co/PqXhCcoHH9",83,@BBC
0.0,Mon Oct 01 13:04:26 +0000 2018,0.0,1.0,0.0,"RT @bbcgetinspired: 'I'm a Muslim woman, I'm visually-impaired and I'm a boxer' ü•äü•ä #GetInspired 

https://t.co/zJorjZokVM",84,@BBC
0.7456,Mon Oct 01 13:03:06 +0000 2018,0.0,0.689,0.311,"üé∂üåü@LadyGaga and Jodie Whittaker playing the #DoctorWho theme tune on the theremin is AMAZING. #TheGNShow

https://t.co/PEwaE9tzNH",85,@BBC
0.128,Mon Oct 01 12:33:03 +0000 2018,0.166,0.642,0.193,"üòÇüòÉüòê Can you spot a fake laugh? 

Take this quiz to find out. üëâ https://t.co/LAFjV5ggf7 https://t.co/sFjlLRwzQK",86,@BBC
-0.5574,Mon Oct 01 12:08:21 +0000 2018,0.205,0.795,0.0,"Geoffrey Hayes, who hosted long-running children's TV show, Rainbow, has died aged 76.
üëâ https://t.co/10XDMpYCiz https://t.co/vPs5odJKqy",87,@BBC
0.7003,Mon Oct 01 11:03:02 +0000 2018,0.0,0.655,0.345,"This Amazing Human uses coffee to give homeless people a second chance. ‚òïÔ∏èüíõ#InternationalCoffeeDay

https://t.co/wOc1ce2B3J",88,@BBC
0.3818,Mon Oct 01 10:03:06 +0000 2018,0.134,0.591,0.274,"Turns out it's *quite* difficult to keep a straight face while testing laughing gas...

https://t.co/nFlgKY7NuY",89,@BBC
-0.7351,Mon Oct 01 09:46:54 +0000 2018,0.237,0.763,0.0,RT @BBCRadio4: We conducted the world's largest survey on loneliness and discovered that 16-24 year olds are the loneliest age group. Read‚Ä¶,90,@BBC
0.0,Mon Oct 01 09:04:02 +0000 2018,0.0,1.0,0.0,"We cannot WAIT for the new Doctor Who series! @bbcdoctorwho #TheGNShow

https://t.co/BkxpymO5Be",91,@BBC
0.7845,Mon Oct 01 08:02:02 +0000 2018,0.0,0.734,0.266,"Start your Monday the right way. Watch Tom Hardy explain to a child why we should love all things equally. üíîüò≠

https://t.co/646n5wwjvL",92,@BBC
-0.7845,Mon Oct 01 07:32:01 +0000 2018,0.434,0.566,0.0,Persistent chemical pollution threatens the future of killer whales. üíî https://t.co/wJJIQj8WLK https://t.co/saSP4leLjt,93,@BBC
-0.872,Mon Oct 01 07:03:05 +0000 2018,0.398,0.602,0.0,"Last year @higeorgeshelley's sister died in an accident. 

He opens up about grief and how to cope.

https://t.co/4SajjiJI6e",94,@BBC
0.4753,Sun Sep 30 20:21:03 +0000 2018,0.0,0.843,0.157,"RT @BBCOne: ‚ÄúI see women out with their babies walking around like it‚Äôs nothing‚Ä¶ I just want to yell out at them, ‚ÄúYou‚Äôre amazing!‚Äù @Jenna_‚Ä¶",95,@BBC
0.6239,Sun Sep 30 19:39:53 +0000 2018,0.0,0.687,0.313,RT @bbcstrictly: Wow. #Strictly Movie Week looks wand-erful! üßô‚Äç‚ôÇÔ∏è‚ú® https://t.co/3Iko29h06s,96,@BBC
0.0,Sun Sep 30 19:03:02 +0000 2018,0.0,1.0,0.0,"A mother‚Äôs life disintegrates while the world looks on. 

#TheCry | 9pm | @BBCOne | https://t.co/hDRdVsMamq https://t.co/2SrLnoKGLi",97,@BBC
0.0,Sun Sep 30 17:16:03 +0000 2018,0.0,1.0,0.0,Tonight it's the first @BBCStrictly results show! Find out which couples have made it through and which two will be‚Ä¶ https://t.co/vytPpS8tTl,98,@BBC
0.5106,Sun Sep 30 16:22:42 +0000 2018,0.063,0.769,0.167,"RT @BBCOne: #TheCry ""is the perfect replacement for #Bodyguard, a twisting, turning whodunit that leaves you questioning everybody."" The Te‚Ä¶",99,@BBC
0.4574,Sun Sep 30 16:22:25 +0000 2018,0.0,0.875,0.125,"RT @BBCOne: To mark 30 years in music, we‚Äôre making a @takethat documentary special and WE NEED YOU! 

Head to https://t.co/WiKSYB8coP to s‚Ä¶",100,@BBC
0.0,Sat Oct 06 18:00:00 +0000 2018,0.0,1.0,0.0,We only use about 1 percent of available crops to fuel our diets. So leading chefs are looking to underused foods i‚Ä¶ https://t.co/dLfAZRGrXC,1,@CBSNews
-0.34,Sat Oct 06 17:39:43 +0000 2018,0.112,0.888,0.0,"House GOP candidate in New Mexico says in new ad that Democrats are trying to ""shoot down our values""‚Ä¶ https://t.co/wQ0WCpYkvY",2,@CBSNews
-0.296,Sat Oct 06 17:20:00 +0000 2018,0.104,0.896,0.0,"Interpol asks China for information on its missing president, who hasn't been heard from since the end of September‚Ä¶ https://t.co/fRytkr5Xro",3,@CBSNews
0.6249,Sat Oct 06 17:00:32 +0000 2018,0.0,0.823,0.177,"Speaking near the Great Sphinx in Egypt, first lady Melania Trump said Brett Kavanaugh is ""highly qualified"" for th‚Ä¶ https://t.co/sgJ5G7KM1M",4,@CBSNews
-0.296,Sat Oct 06 16:47:17 +0000 2018,0.109,0.891,0.0,"RT @CBSSunday: Will e-cigs make the traditional cigarette obsolete? Vaping is catching on among smokers switching from cigarettes

@TonyDok‚Ä¶",5,@CBSNews
0.5267,Sat Oct 06 16:39:48 +0000 2018,0.0,0.746,0.254,Mega Millions winning numbers announced for $420 million jackpot https://t.co/jc23ydtVNf https://t.co/sNOYmELJxm,6,@CBSNews
-0.926,Sat Oct 06 16:19:44 +0000 2018,0.509,0.491,0.0,One condemned inmate killed another with a self-made weapon in California's first death row slaying since 1997‚Ä¶ https://t.co/L5FuGp52Kw,7,@CBSNews
0.4215,Sat Oct 06 15:59:39 +0000 2018,0.0,0.823,0.177,"Tokyo's iconic Tsukiji fish market, a popular tourist spot, closes after 83 years https://t.co/eEYX5gpIP8 https://t.co/cQaDwwNRBT",8,@CBSNews
0.0,Sat Oct 06 15:39:52 +0000 2018,0.0,1.0,0.0,"""It appears we just got Banksy-ed"": Banksy artwork self-destructs through a shredder moments after $1.4 million sal‚Ä¶ https://t.co/qc13GC7edh",9,@CBSNews
0.5574,Sat Oct 06 15:19:59 +0000 2018,0.0,0.847,0.153,"Elena Kagan and Sonia Sotomayor, two of the three sitting female Supreme Court justices, say the court must guard i‚Ä¶ https://t.co/xapJnHbOHr",10,@CBSNews
-0.4019,Sat Oct 06 15:00:01 +0000 2018,0.198,0.695,0.107,"""The Hate U Give"" screenwriter Audrey Wells dies one day before film is released https://t.co/Vudlsu4IJF https://t.co/Id8CAPZaaq",11,@CBSNews
-0.296,Sat Oct 06 14:39:42 +0000 2018,0.109,0.891,0.0,"Secretary of State Mike Pompeo will return to North Korea a fourth time, under pressure to produce tangible progres‚Ä¶ https://t.co/42ctKEkuy1",12,@CBSNews
-0.6486,Sat Oct 06 14:19:51 +0000 2018,0.323,0.677,0.0,Spanish opera singer Montserrat Caballe dead at 85 https://t.co/P8EiidV9WR https://t.co/KIRSMF4uxt,13,@CBSNews
0.0,Sat Oct 06 14:00:02 +0000 2018,0.0,1.0,0.0,VIDEO: Deputy pushes stranded woman's wheelchair one mile to her home https://t.co/vX47aeR0Ke https://t.co/Rs4KOtzCP4,14,@CBSNews
0.2732,Sat Oct 06 13:19:34 +0000 2018,0.0,0.829,0.171,"Lady Gaga gives emotional defense of Christine Blasey Ford on ""The Late Show with Stephen Colbert""‚Ä¶ https://t.co/xE1eD7yMwr",15,@CBSNews
-0.1406,Sat Oct 06 13:03:03 +0000 2018,0.134,0.866,0.0,Car and deer collisions are now fewer but costlier https://t.co/0LZDzhckfm https://t.co/cLB1WvPwnH,16,@CBSNews
-0.3182,Sat Oct 06 12:48:03 +0000 2018,0.204,0.796,0.0,Trump's Scotland golf course lost millions last year https://t.co/g6eLwK7ldo https://t.co/O0GUxQko7S,17,@CBSNews
0.1531,Sat Oct 06 12:33:04 +0000 2018,0.142,0.672,0.187,"LaCroix ingredients: Lawsuit alleges ""all natural"" claim is false https://t.co/Mimi25vccD https://t.co/Mhq39zusXM",18,@CBSNews
-0.9274,Sat Oct 06 12:30:18 +0000 2018,0.531,0.469,0.0,One condemned inmate kills another in rare death row slaying at San Quentin prison https://t.co/s28QVqEJfj https://t.co/7CZRxTLTZS,19,@CBSNews
-0.6369,Sat Oct 06 12:18:03 +0000 2018,0.244,0.756,0.0,Teen immigrant who cradled fatally wounded Robert F. Kennedy dies in California https://t.co/QaGOGIewqN https://t.co/Tafukucca6,20,@CBSNews
-0.5267,Sat Oct 06 12:03:03 +0000 2018,0.188,0.812,0.0,"Lisa Murkowski, sole GOP senator opposed to Kavanaugh, says she will be ""no today and a no tomorrow"" -- live update‚Ä¶ https://t.co/fVTPHrDaui",21,@CBSNews
0.0,Sat Oct 06 11:54:05 +0000 2018,0.0,1.0,0.0,"Pompeo, on eve of fourth North Korea visit, seeks allied unity on denuke effort https://t.co/iLePZJRPAY https://t.co/RX64JC7Pi8",22,@CBSNews
0.6369,Sat Oct 06 11:48:03 +0000 2018,0.0,0.756,0.244,Preview: Why Journey frontman Steve Perry fell out of love with music https://t.co/jLn6gd9LRy https://t.co/3O5YEGu4dM,23,@CBSNews
0.0,Sat Oct 06 11:33:03 +0000 2018,0.0,1.0,0.0,"NASA revises launch targets for Boeing, SpaceX crew ships https://t.co/KJrDLkDNUR https://t.co/nEOFFDbbkS",24,@CBSNews
-0.5574,Sat Oct 06 11:26:04 +0000 2018,0.265,0.735,0.0,Spanish opera singer Montserrat Caballe has died at 85 https://t.co/Cj5oMb7cwW https://t.co/jR1TgyvkAO,25,@CBSNews
0.7351,Sat Oct 06 11:18:03 +0000 2018,0.0,0.693,0.307,Waitress pitches in to help with fussy toddler so mother can eat in peace https://t.co/AyMuA3dyOU https://t.co/ZDegpdW4zs,26,@CBSNews
-0.6124,Sat Oct 06 11:03:03 +0000 2018,0.305,0.584,0.11,Cristiano Ronaldo rape claim: Growing heat from corporate sponsors https://t.co/Q9Tc3TlSrA https://t.co/IKuc0BwrSu,27,@CBSNews
0.5574,Sat Oct 06 10:48:03 +0000 2018,0.0,0.825,0.175,A look at what the FBI inquiry into Brett Kavanaugh has turned up on the Supreme Court nominee‚Ä¶ https://t.co/CmvpSHdPgg,28,@CBSNews
0.0,Sat Oct 06 10:33:03 +0000 2018,0.0,1.0,0.0,"""Moment of truth"": Ted Cruz and Beto O'Rourke face off in tight Texas race https://t.co/uzf9qhVqqX https://t.co/eS2mZAqnBa",29,@CBSNews
-0.6908,Sat Oct 06 10:18:04 +0000 2018,0.322,0.678,0.0,"""Sheer luck"": Suspect in deadly Tennessee crime spree in custody after manhunt https://t.co/deWlGuSZAN https://t.co/C3dYkQwSHs",30,@CBSNews
-0.5423,Sat Oct 06 10:03:04 +0000 2018,0.29,0.71,0.0,Toyota hybrid recall: Prius included in car recall for stalling problems https://t.co/kWoECUHHyo https://t.co/AJYbkHDjeG,31,@CBSNews
-0.1027,Sat Oct 06 09:48:03 +0000 2018,0.116,0.789,0.095,"Sen. Heidi Heitkamp, who will vote no on Kavanaugh, raises significant funds in 3rd quarter https://t.co/BTVBrYlnxp https://t.co/07e0I3O0A8",32,@CBSNews
-0.2732,Sat Oct 06 09:33:03 +0000 2018,0.168,0.738,0.094,"Lindsey Graham says Klobuchar should apologize to Kavanaugh over ""smear campaign"" https://t.co/b9zrP2CqBl https://t.co/NzTUAWAX7u",33,@CBSNews
-0.6705,Sat Oct 06 09:18:04 +0000 2018,0.29,0.71,0.0,"Michelle Carter ""texting suicide"" case heard by Massachusetts high court https://t.co/aHsIAKmBlv https://t.co/fjJikrAheT",34,@CBSNews
-0.3182,Sat Oct 06 09:03:03 +0000 2018,0.248,0.588,0.163,"High school official apologizes for saying girls ""ruin everything"" https://t.co/ZNyVCyta7J https://t.co/TJtKdvet2E",35,@CBSNews
0.0,Sat Oct 06 08:48:03 +0000 2018,0.0,1.0,0.0,Gas prices nearing highest level in four years https://t.co/DZCKSzRoYG https://t.co/crlp9ifJG4,36,@CBSNews
-0.5574,Sat Oct 06 08:33:03 +0000 2018,0.295,0.705,0.0,"Anti-Kavanaugh protesters take over Senate building, Amy Schumer among those detained https://t.co/IoK1EOh1QJ https://t.co/1e8i0GQUeO",37,@CBSNews
0.0516,Sat Oct 06 08:18:03 +0000 2018,0.177,0.633,0.19,Stock prices tumble as interest rate fears grip Wall Street https://t.co/aG3qHDQhFO https://t.co/I8CTMKtmnL,38,@CBSNews
0.4019,Sat Oct 06 08:03:03 +0000 2018,0.0,0.828,0.172,6-year-old boy speaks clearly for first time after dentist discovers he's tongue-tied https://t.co/QLjaqIHOeV https://t.co/zKO6LSMG40,39,@CBSNews
-0.0516,Sat Oct 06 07:48:04 +0000 2018,0.07,0.93,0.0,"Steve Daines will leave daughter's wedding in private jet to return for Kavanaugh vote, if needed‚Ä¶ https://t.co/NrZov7189x",40,@CBSNews
-0.2023,Sat Oct 06 07:33:03 +0000 2018,0.177,0.696,0.127,Man's vision changes after taking high dose of erectile dysfunction drug https://t.co/5k29AuygZy https://t.co/UcL3yORgbj,41,@CBSNews
0.6369,Sat Oct 06 07:18:03 +0000 2018,0.0,0.756,0.244,Preview: Why Journey frontman Steve Perry fell out of love with music https://t.co/uWm6lIPA8x https://t.co/X7q7Iy44iD,42,@CBSNews
0.4588,Sat Oct 06 07:03:03 +0000 2018,0.0,0.75,0.25,"Barnes &amp; Noble hangs up ""for sale"" sign https://t.co/Rk8H75tOmx https://t.co/XlFdEo7i0n",43,@CBSNews
0.0,Sat Oct 06 06:48:03 +0000 2018,0.0,1.0,0.0,Mattress Firm closing hundreds of stores after bankruptcy https://t.co/mOYBepQBAX https://t.co/R5u2Grp50t,44,@CBSNews
-0.4449,Sat Oct 06 06:33:05 +0000 2018,0.21,0.79,0.0,John Paul Stevens says Kavanaugh shouldn't be on Supreme Court https://t.co/jkBJnsl6Pe https://t.co/d4RMAw7ZaW,45,@CBSNews
0.5859,Sat Oct 06 06:18:04 +0000 2018,0.0,0.759,0.241,"Amazon's $15 wage is far from a win, some veteran workers say https://t.co/HsP2xIkZSb https://t.co/K07BhM6R4K",46,@CBSNews
0.0,Sat Oct 06 06:03:03 +0000 2018,0.0,1.0,0.0,Downtown Los Angeles hit with outbreak of flea-borne typhus https://t.co/iHslyMtStY https://t.co/wj9X5oll7Y,47,@CBSNews
0.4019,Sat Oct 06 05:48:03 +0000 2018,0.115,0.681,0.204,"South Carolina shooting suspect posted about loving ""the smell of gunpowder"" on Facebook https://t.co/XQymKV3NVI https://t.co/075loafbM2",48,@CBSNews
-0.34,Sat Oct 06 05:33:04 +0000 2018,0.194,0.806,0.0,Interpol chief Meng Hongwei disappears on visit to China https://t.co/Sek8B8PJt8 https://t.co/c1ZQF6duPS,49,@CBSNews
-0.4588,Sat Oct 06 05:24:04 +0000 2018,0.244,0.63,0.126,"Ford friend, who says she told him about alleged assault in 2016, criticizes FBI for not interviewing him‚Ä¶ https://t.co/5JUmAednk1",50,@CBSNews
0.4023,Sat Oct 06 05:18:03 +0000 2018,0.0,0.764,0.236,"Sen. Durbin on Kavanaugh: I'll never forget the ""fire in his eyes"" https://t.co/gsQIQIUoYP https://t.co/23VuPEK8OC",51,@CBSNews
0.3182,Sat Oct 06 05:03:05 +0000 2018,0.0,0.827,0.173,Be sure you know what Medicare covers -- and doesn't https://t.co/JlSo6rFAzs https://t.co/CBUifClT71,52,@CBSNews
-0.5267,Sat Oct 06 04:48:03 +0000 2018,0.207,0.793,0.0,Woman says Delta overserved man who allegedly sexually assaulted her on flight https://t.co/wGfml9Txvy https://t.co/SfwH9guWmn,53,@CBSNews
-0.3182,Sat Oct 06 04:33:04 +0000 2018,0.204,0.796,0.0,Trump's Scotland golf course lost millions last year https://t.co/eJ3HHm0ks8 https://t.co/3yew8YY1n5,54,@CBSNews
0.0,Sat Oct 06 04:18:03 +0000 2018,0.0,1.0,0.0,"""Moment of truth"": Ted Cruz and Beto O'Rourke face off in tight Texas race https://t.co/iWsVILJdvb https://t.co/OxRaMOQzbX",55,@CBSNews
0.5574,Sat Oct 06 04:03:05 +0000 2018,0.0,0.825,0.175,A look at what the FBI inquiry into Brett Kavanaugh has turned up on the Supreme Court nominee‚Ä¶ https://t.co/Z2DP6rw665,56,@CBSNews
-0.6908,Sat Oct 06 03:48:03 +0000 2018,0.322,0.678,0.0,"""Sheer luck"": Suspect in deadly Tennessee crime spree in custody after manhunt https://t.co/Ufwf3qheI5 https://t.co/Is5C81DIEr",57,@CBSNews
0.1531,Sat Oct 06 03:33:03 +0000 2018,0.142,0.672,0.187,"LaCroix ingredients: Lawsuit alleges ""all natural"" claim is false https://t.co/vuoGKXLjvF https://t.co/uh2PBydJC9",58,@CBSNews
0.5267,Sat Oct 06 03:24:08 +0000 2018,0.0,0.746,0.254,Mega Millions winning numbers announced for $420 million jackpot https://t.co/t6o4dZjmTJ https://t.co/BkjqqPCcDz,59,@CBSNews
-0.6369,Sat Oct 06 03:18:03 +0000 2018,0.244,0.756,0.0,Teen immigrant who cradled fatally wounded Robert F. Kennedy dies in California https://t.co/udon33OVCt https://t.co/znpxtIYRsP,60,@CBSNews
0.6369,Sat Oct 06 03:03:03 +0000 2018,0.0,0.756,0.244,Preview: Why Journey frontman Steve Perry fell out of love with music https://t.co/lWdWlDyLTL https://t.co/WyyadUEllk,61,@CBSNews
0.8316,Sat Oct 06 03:00:27 +0000 2018,0.0,0.577,0.423,"Kagan, Sotomayor say Supreme Court must steer clear of politics to protect legitimacy https://t.co/RmRbTxrWLI https://t.co/HdZF1zB7SB",62,@CBSNews
0.0,Sat Oct 06 02:39:30 +0000 2018,0.0,1.0,0.0,Myrtle Beach innkeeper opens his doors to families flooded out of their homes https://t.co/XXNYTmIeX0 https://t.co/v4GVHON0QU,63,@CBSNews
-0.3182,Sat Oct 06 02:19:30 +0000 2018,0.204,0.796,0.0,Trump's Scotland golf course lost millions last year https://t.co/588uZdnTzt https://t.co/bMWbMg6CnK,64,@CBSNews
-0.7783,Sat Oct 06 01:59:47 +0000 2018,0.43,0.57,0.0,Texas family fighting for 9-year-old daughter declared brain dead https://t.co/7dgGQw78cM https://t.co/CJvHwkXgWh,65,@CBSNews
-0.6908,Sat Oct 06 01:40:02 +0000 2018,0.198,0.802,0.0,"Cristiano Ronaldo is facing heat from sponsors over a rape allegation, after Nike and video game maker EA Sports ex‚Ä¶ https://t.co/DV4eAo65RU",66,@CBSNews
0.0,Sat Oct 06 01:20:00 +0000 2018,0.0,1.0,0.0,Final vote on Kavanaugh is less than 24 hours away https://t.co/WCCSAE6bez https://t.co/CI0dC4PHbn,67,@CBSNews
0.1027,Sat Oct 06 01:00:00 +0000 2018,0.187,0.61,0.203,"LaCroix facing lawsuit alleging its claims of ""all natural"" and ""100 percent natural"" are misleading because of art‚Ä¶ https://t.co/2RmWukHsh9",68,@CBSNews
0.7351,Sat Oct 06 00:39:55 +0000 2018,0.0,0.693,0.307,Waitress pitches in to help with fussy toddler so mother can eat in peace https://t.co/zi64cnkCtN https://t.co/GkAGACt6yM,69,@CBSNews
0.0,Sat Oct 06 00:19:50 +0000 2018,0.0,1.0,0.0,Ex-agent who tried to shield Kennedys in Dallas motorcade to receive home state's highest honor‚Ä¶ https://t.co/IvImlttKgP,70,@CBSNews
-0.8834,Sat Oct 06 00:00:00 +0000 2018,0.462,0.538,0.0,Junior Seau's family settles wrongful death lawsuit with NFL over player's 2012 suicide https://t.co/7hr4ttDVvT https://t.co/rGB7wzs02f,71,@CBSNews
0.0,Fri Oct 05 23:40:22 +0000 2018,0.0,1.0,0.0,Auditing taxpayers is a dying tradition at depleted IRS https://t.co/EhT3Br6zol https://t.co/iVXrhVxdLP,72,@CBSNews
-0.3182,Fri Oct 05 23:19:40 +0000 2018,0.248,0.588,0.163,"High school official apologizes for saying girls ""ruin everything"" https://t.co/lS0WmNzlBY https://t.co/YYXCbCfSeQ",73,@CBSNews
0.0,Fri Oct 05 23:00:01 +0000 2018,0.0,1.0,0.0,Downtown Los Angeles hit with outbreak of flea-borne typhus https://t.co/vW3GuF41Xq https://t.co/muXtM9SLgd,74,@CBSNews
0.3182,Fri Oct 05 22:45:46 +0000 2018,0.1,0.742,0.157,"RT @CBSEveningNews: Tension over the nomination of Brett Kavanaugh to the Supreme Court exacerbated America‚Äôs partisanship. 

And now, many‚Ä¶",75,@CBSNews
-0.4588,Fri Oct 05 22:45:17 +0000 2018,0.136,0.864,0.0,"RT @CBSEveningNews: Sen. Susan Collins (R-ME) announced Friday, that she will vote to confirm Kavanaugh, arguing that Christine Blasey Ford‚Ä¶",76,@CBSNews
0.25,Fri Oct 05 22:39:30 +0000 2018,0.0,0.867,0.133,Chance the Rapper pledges $1 million to mental health services in Chicago https://t.co/kJrzBuY3u5 https://t.co/8K1XdTkDXE,77,@CBSNews
0.0,Fri Oct 05 22:19:34 +0000 2018,0.0,1.0,0.0,Susan Collins and Lisa Murkowski make different decisions in Kavanaugh confirmation https://t.co/4J8ZLsjADb https://t.co/eZAVfXqCJ6,78,@CBSNews
0.2732,Fri Oct 05 22:00:01 +0000 2018,0.0,0.829,0.171,"Lady Gaga gives emotional defense of Christine Blasey Ford on ""The Late Show with Stephen Colbert""‚Ä¶ https://t.co/HSK9loLwjE",79,@CBSNews
0.0,Fri Oct 05 21:40:09 +0000 2018,0.0,1.0,0.0,"Sen. Collins explains why she is voting ""yes"" for Brett Kavanaugh: ""He has been an exemplary public servant, judge,‚Ä¶ https://t.co/HPw3g29RFK",80,@CBSNews
-0.8176,Fri Oct 05 21:19:30 +0000 2018,0.366,0.634,0.0,"The cop who shot Laquan McDonald, Jason Van Dyke, found guilty of murder https://t.co/Nxs6IFf3WQ https://t.co/qsQo6Vkm8t",81,@CBSNews
-0.3818,Fri Oct 05 21:00:30 +0000 2018,0.133,0.867,0.0,Four years ago a dachshund named Patches developed a life-threatening tumor that was pressing on her brain. To save‚Ä¶ https://t.co/X534WLgdEX,82,@CBSNews
-0.0516,Fri Oct 05 20:39:52 +0000 2018,0.07,0.93,0.0,"Steve Daines will leave daughter's wedding in private jet to return for Kavanaugh vote, if needed‚Ä¶ https://t.co/8lShqp29dl",83,@CBSNews
-0.6705,Fri Oct 05 20:19:31 +0000 2018,0.333,0.667,0.0,"The unemployment rate drops to 3.7%, lowest in nearly half a century https://t.co/OF1VTVF1BE https://t.co/JeQuCrmpn3",84,@CBSNews
-0.3578,Fri Oct 05 20:04:12 +0000 2018,0.101,0.899,0.0,"""Look at us! Look at us!"" protesters chant at Sen. Joe Manchin, who just announced he will vote ""yes"" to confirm Br‚Ä¶ https://t.co/IBsjBurh4I",85,@CBSNews
0.4019,Fri Oct 05 20:02:27 +0000 2018,0.0,0.876,0.124,"Sen. Manchin says he will cross party lines and vote ""yes"" on Kavanaugh ‚Äì as protestors shout ""shame"" at him.‚Ä¶ https://t.co/QpkfJ5zdAF",86,@CBSNews
-0.0662,Fri Oct 05 20:00:35 +0000 2018,0.122,0.768,0.11,"FRIDAY FEELS: This 7-year-old boy was diagnosed with cancer last year, but never lost his sense of humor.‚Ä¶ https://t.co/i07M2JDvcx",87,@CBSNews
0.0,Fri Oct 05 19:53:13 +0000 2018,0.0,1.0,0.0,".@SenatorCollins: ""I will vote to confirm Judge Kavanaugh."" https://t.co/8EWF2wqHkd https://t.co/d2ddRzVP3G",88,@CBSNews
-0.3182,Fri Oct 05 19:49:27 +0000 2018,0.126,0.874,0.0,".@SenatorCollins: Now one theory I have heard espoused repeatedly is that our colleague, Sen. Feinstein, leaked pro‚Ä¶ https://t.co/aRD68SSDcp",89,@CBSNews
-0.2023,Fri Oct 05 19:39:32 +0000 2018,0.177,0.696,0.127,Man's vision changes after taking high dose of erectile dysfunction drug https://t.co/zS5gByUZ84 https://t.co/RazTcQVNv9,90,@CBSNews
-0.5719,Fri Oct 05 19:19:34 +0000 2018,0.198,0.802,0.0,"Common and Amandla Stenberg on tackling the nuances of ""blackness"" in ""The Hate U Give"" https://t.co/oo8xE1gTS1 https://t.co/eTckkxAjLL",91,@CBSNews
0.0,Fri Oct 05 19:09:02 +0000 2018,0.0,1.0,0.0,HAPPENING NOW: Sen. Collins to announce whether or not she will vote to confirm Bret Kavanaugh. Protestors are hear‚Ä¶ https://t.co/AoQV29COy6,92,@CBSNews
-0.8176,Fri Oct 05 19:05:48 +0000 2018,0.309,0.691,0.0,"The jury has found Jason Van Dyke, the white officer charged in the death of Laquan McDonald, guilty of second degr‚Ä¶ https://t.co/ZjRGS2i6Qy",93,@CBSNews
-0.4939,Fri Oct 05 18:59:38 +0000 2018,0.276,0.724,0.0,"Amid tensions over Kavanaugh vote, Senate overwhelmingly passes sweeping opioids legislation https://t.co/bWSokuPRdd https://t.co/ruPS1jX6a6",94,@CBSNews
-0.8176,Fri Oct 05 18:58:17 +0000 2018,0.405,0.595,0.0,BREAKING: Jury finds Jason Van Dyke guilty of 2nd degree murder https://t.co/oTZAhGP9JW https://t.co/ecxsiwNiDo,95,@CBSNews
-0.7096,Fri Oct 05 18:52:22 +0000 2018,0.223,0.722,0.055,WATCH: A verdict is about to be read in the case of Jason Van Dyke. He was charged with the murder of Laquan McDona‚Ä¶ https://t.co/eDP6avlEc0,96,@CBSNews
0.0,Fri Oct 05 18:40:25 +0000 2018,0.0,1.0,0.0,"These parents used to have more than $1,000 in an envelope. Now, they have  more than 1,000 pieces. üôàüí∏‚Ä¶ https://t.co/YYCFHUEtjG",97,@CBSNews
-0.2263,Fri Oct 05 18:19:42 +0000 2018,0.095,0.905,0.0,"KAVANAUGH VOTE: Sen. Flake a ""yes"", Sen. Murkowski a ""no"" with 2 senators undecided on the final vote that could ta‚Ä¶ https://t.co/LrpSy0T3My",98,@CBSNews
0.6486,Fri Oct 05 18:19:15 +0000 2018,0.144,0.596,0.26,"RT @CBSSunday: This #CBSSunday

@JudgeJudy fills @MoRocca in on the latest dirt about American gossip columnist &amp; best friend Cindy Adams‚Ä¶",99,@CBSNews
0.0,Fri Oct 05 18:05:35 +0000 2018,0.0,1.0,0.0,"WATCH:  ""[Kavanaugh] has done more than any nominee in history in terms the amount document he has turned over, hou‚Ä¶ https://t.co/2kc31ysQNV",100,@CBSNews
0.0,Sat Oct 06 16:55:47 +0000 2018,0.083,0.833,0.083,"Salmonella in beef and eggs, listeria in ham and stalling Toyota Prius cars spurred a week of significant product r‚Ä¶ https://t.co/mMpqbvEZtG",1,@CNNbrk
-0.6369,Sat Oct 06 15:11:36 +0000 2018,0.208,0.792,0.0,The Vatican says Pope Francis ordered an investigation into abuse allegations against US Archbishop Theodore McCarr‚Ä¶ https://t.co/6ntkwYygoP,2,@CNNbrk
0.0,Sat Oct 06 14:20:48 +0000 2018,0.0,1.0,0.0,"Interpol says it has asked Chinese authorities for information about the agency's president, Meng Hongwei, who was‚Ä¶ https://t.co/YRFNGiKytl",3,@CNNbrk
-0.0572,Sat Oct 06 01:26:02 +0000 2018,0.075,0.925,0.0,Clarification: A lawyer representing Christine Blasey Ford says her client does not want Brett Kavanaugh impeached‚Ä¶ https://t.co/1WhBmxjjsi,4,@CNNbrk
-0.0572,Fri Oct 05 23:58:55 +0000 2018,0.064,0.936,0.0,A lawyer representing Christine Blasey Ford says her client does not want him impeached if Democrats take control o‚Ä¶ https://t.co/0nj4ZKgelE,5,@CNNbrk
-0.128,Fri Oct 05 23:48:55 +0000 2018,0.064,0.936,0.0,RT @CNNBusiness: Ford is cutting staff as it transforms its business. The second largest US automaker said it was reorganizing its global s‚Ä¶,6,@CNNbrk
0.0,Fri Oct 05 23:25:53 +0000 2018,0.0,1.0,0.0,"Sen. Steve Daines will be attending his daughter's wedding Saturday in Montana, but still may fly back to Washingto‚Ä¶ https://t.co/osbm5vFZnv",7,@CNNbrk
0.4019,Fri Oct 05 20:11:29 +0000 2018,0.0,0.87,0.13,"Democratic Sen. Joe Manchin announces he will vote yes to confirm Brett Kavanaugh, minutes after Sen. Susan Collins‚Ä¶ https://t.co/Xzy8bJmoCG",8,@CNNbrk
0.7876,Fri Oct 05 19:54:49 +0000 2018,0.0,0.732,0.268,"Republican Sen. Susan Collins says she will vote ""yes"" on Kavanaugh, all but assuring her party will have the votes‚Ä¶ https://t.co/EY43Cvkgd1",9,@CNNbrk
0.0,Fri Oct 05 19:10:39 +0000 2018,0.0,1.0,0.0,Republican Sen. Susan Collins announces how she will vote on Kavanaugh. Follow live updates: https://t.co/8Y903xdV8J https://t.co/1o8sZ5oovW,10,@CNNbrk
-0.9169,Fri Oct 05 19:07:41 +0000 2018,0.412,0.588,0.0,A Chicago police officer is found guilty of murder in the killing of a 17-year-old that was captured on dash camera‚Ä¶ https://t.co/iYWAzkb95I,11,@CNNbrk
0.2023,Fri Oct 05 18:54:12 +0000 2018,0.172,0.664,0.164,"Mike ""The Situation"" Sorrentino, best known from MTV's ""Jersey Shore,"" is sentenced to eight months in prison for t‚Ä¶ https://t.co/1UrsBg7IfU",12,@CNNbrk
-0.872,Fri Oct 05 18:01:05 +0000 2018,0.377,0.519,0.104,A verdict is reached in the trial of a Chicago police officer charged with murder in the killing of 17-year-old Laq‚Ä¶ https://t.co/u2QYAlLNDY,13,@CNNbrk
0.0,Fri Oct 05 16:29:19 +0000 2018,0.0,1.0,0.0,Republican Sen. Lisa Murkowski says she will vote against Brett Kavanaugh's nomination. And Sen. Jeff Flake says he‚Ä¶ https://t.co/KJB8xk2YEI,14,@CNNbrk
0.5574,Fri Oct 05 15:04:10 +0000 2018,0.0,0.833,0.167,The Senate votes 51-49 to move Brett Kavanaugh's Supreme Court nomination to a final vote that is expected Saturday‚Ä¶ https://t.co/0qZyI538XV,15,@CNNbrk
0.0,Fri Oct 05 14:40:16 +0000 2018,0.0,1.0,0.0,A crucial vote on Brett Kavanaugh's nomination is underway in the Senate. Follow live updates:‚Ä¶ https://t.co/kYDN1QX2eC,16,@CNNbrk
0.0,Fri Oct 05 14:31:31 +0000 2018,0.0,1.0,0.0,Republican Sen. Susan Collins is scheduled to announce her final decision on Kavanaugh's nomination at 3 p.m. ET. S‚Ä¶ https://t.co/fVe27NkkhR,17,@CNNbrk
0.0,Fri Oct 05 13:52:03 +0000 2018,0.0,1.0,0.0,"Sen. Joe Manchin will not announce his vote on Kavanaugh until he goes to the Senate floor, an aide tells CNN. Foll‚Ä¶ https://t.co/eAIN0g7UbY",18,@CNNbrk
0.0,Fri Oct 05 13:26:44 +0000 2018,0.0,1.0,0.0,"France is investigating the disappearance of Interpol president Meng Hongwei, a police source says. Meng was former‚Ä¶ https://t.co/50mVJVG5RI",19,@CNNbrk
0.0,Fri Oct 05 13:25:49 +0000 2018,0.0,1.0,0.0,"Mattress Firm, America's largest bed store, files for bankruptcy and will close as many as 700 stores‚Ä¶ https://t.co/qA3eFuOWBl",20,@CNNbrk
-0.6705,Fri Oct 05 12:41:05 +0000 2018,0.234,0.766,0.0,"The unemployment rate fell to 3.7% in September, the lowest level since December 1969. The US economy added 134,000‚Ä¶ https://t.co/uWgjRbCjUL",21,@CNNbrk
0.8591,Fri Oct 05 09:23:39 +0000 2018,0.0,0.689,0.311,The 2018 Nobel Peace Prize has been awarded to Denis Mukwege and Nadia Murad for their efforts to end the use of se‚Ä¶ https://t.co/hq4lcGMAUo,22,@CNNbrk
0.5574,Thu Oct 04 23:30:55 +0000 2018,0.0,0.841,0.159,"A cloture vote for Supreme Court nominee Brett Kavanaugh is set for Friday morning, moving the Senate closer to a c‚Ä¶ https://t.co/e3hE5sNRLm",23,@CNNbrk
-0.6124,Thu Oct 04 23:04:54 +0000 2018,0.25,0.75,0.0,Capitol Police arrested 302 protesters during demonstrations at Senate Office buildings over the Brett Kavanaugh no‚Ä¶ https://t.co/ctmR9Oaybh,24,@CNNbrk
-0.6808,Thu Oct 04 22:05:42 +0000 2018,0.381,0.485,0.134,Two protesters opposed to Brett Kavanaugh's Supreme Court nomination were arrested on suspicion of blocking the ent‚Ä¶ https://t.co/W5FIGs2xcd,25,@CNNbrk
-0.6808,Thu Oct 04 17:21:50 +0000 2018,0.28,0.72,0.0,"Nineties rap mogul Marion ""Suge"" Knight is sentenced to 28 years in prison after pleading no contest to manslaughte‚Ä¶ https://t.co/DCe5plFDkp",26,@CNNbrk
0.0258,Thu Oct 04 13:58:17 +0000 2018,0.181,0.679,0.14,Seven Russian intelligence officers are charged in a US indictment alleging the use of cybercrimes to distract from‚Ä¶ https://t.co/GWDsGParc7,27,@CNNbrk
0.0,Thu Oct 04 13:19:59 +0000 2018,0.0,1.0,0.0,A massive recall of 6.5 million pounds of beef is issued after a salmonella outbreak is linked to meat sold across‚Ä¶ https://t.co/OIqRvu4sNB,28,@CNNbrk
-0.6705,Thu Oct 04 13:03:45 +0000 2018,0.209,0.791,0.0,"A US service member assigned to the NATO mission in Afghanistan was killed on Thursday, the Pentagon says‚Ä¶ https://t.co/heEDOwDCAa",29,@CNNbrk
0.5574,Thu Oct 04 10:29:52 +0000 2018,0.0,0.816,0.184,Senate Judiciary Committee has received the supplemental FBI background file on Supreme Court nominee Brett Kavanau‚Ä¶ https://t.co/Lel2EgRcGq,30,@CNNbrk
0.6124,Thu Oct 04 02:47:23 +0000 2018,0.0,0.762,0.238,Australia's busiest airport was on high alert Thursday after a United Airlines flight from Los Angeles issued a may‚Ä¶ https://t.co/jQ1RuHC2tS,31,@CNNbrk
-0.5106,Thu Oct 04 02:42:32 +0000 2018,0.212,0.788,0.0,"RT @CNNPolitics: Capitol Police arrest a man suspected of ""doxing"" lawmakers ‚Äî or posting their private information online ‚Äî during Supreme‚Ä¶",32,@CNNbrk
0.0,Thu Oct 04 02:13:06 +0000 2018,0.0,1.0,0.0,RT @CNNPolitics: BREAKING: Senate Majority Leader Mitch McConnell takes a key step toward the vote on Brett Kavanaugh's nomination https://‚Ä¶,33,@CNNbrk
0.2023,Thu Oct 04 01:47:23 +0000 2018,0.124,0.706,0.171,A California federal judge temporarily blocked Trump's administration from stripping Temporary Protected Status fro‚Ä¶ https://t.co/1QOnVq0BOI,34,@CNNbrk
-0.3818,Thu Oct 04 01:16:16 +0000 2018,0.126,0.874,0.0,"James Roche, one of Kavanaugh‚Äôs freshman roommates, says Kavanaugh lied under oath about his drinking and about the‚Ä¶ https://t.co/PAbub0JmFa",35,@CNNbrk
-0.6369,Thu Oct 04 01:13:39 +0000 2018,0.198,0.802,0.0,"Seven law enforcement officers were shot, one fatally, during a standoff in South Carolina, as sheriff's deputies w‚Ä¶ https://t.co/SX27SQ7tbd",36,@CNNbrk
0.0,Thu Oct 04 00:25:29 +0000 2018,0.0,1.0,0.0,"RT @CNNPolitics: Senators will be able to start reading the Kavanugh FBI report Thursday morning, sources say https://t.co/Q5vSw5VaYv https‚Ä¶",37,@CNNbrk
-0.5574,Wed Oct 03 23:03:25 +0000 2018,0.175,0.825,0.0,"One of the five law enforcement officers shot in South Carolina has died, Florence County coroner says‚Ä¶ https://t.co/cpcaoISDRH",38,@CNNbrk
-0.296,Wed Oct 03 22:16:58 +0000 2018,0.115,0.885,0.0,"Five law enforcement officers have been shot in Florence County, South Carolina, sheriff's deputy says. A suspect i‚Ä¶ https://t.co/6BtjVK7Sok",39,@CNNbrk
-0.34,Wed Oct 03 20:31:50 +0000 2018,0.103,0.897,0.0,The Senate passes legislation to combat the opioid epidemic by a vote of 98-1. The bill now heads to the White Hous‚Ä¶ https://t.co/hxvRTSav7v,40,@CNNbrk
-0.5859,Wed Oct 03 18:26:36 +0000 2018,0.186,0.814,0.0,"US officials just ran a big test of an emergency system that uses your cell phone. We have the FAQs (and no, Presid‚Ä¶ https://t.co/wRL0kZsHSU",41,@CNNbrk
0.0,Wed Oct 03 18:14:59 +0000 2018,0.0,1.0,0.0,"Astronomers say they may have made the first discovery of an exomoon, a moon outside our solar system‚Ä¶ https://t.co/IN5GguVUee",42,@CNNbrk
-0.4019,Wed Oct 03 17:39:20 +0000 2018,0.137,0.863,0.0,"Sarah Sanders says President Trump was ""stating the facts"" in comments seen as mocking Kavanaugh accuser's testimon‚Ä¶ https://t.co/H7R85pvMmV",43,@CNNbrk
0.1779,Wed Oct 03 17:29:47 +0000 2018,0.148,0.633,0.219,"RT @CNNPolitics: ""The Iranian regime has systematically pursued a policy of hostility toward the United States,‚Äù national security adviser‚Ä¶",44,@CNNbrk
-0.765,Wed Oct 03 15:15:12 +0000 2018,0.28,0.72,0.0,Soccer star Cristiano Ronaldo tweets a denial of rape allegations in an American woman's lawsuit and says he awaits‚Ä¶ https://t.co/K4k6MEfLGQ,45,@CNNbrk
0.0,Wed Oct 03 13:46:43 +0000 2018,0.0,1.0,0.0,RT @CNNMoney: Stocks race higher at the open. Dow rises 140 points to all-time high. S&amp;P 500 and Nasdaq advance 0.4%. JCPenney jumps 8% as‚Ä¶,46,@CNNbrk
-0.4019,Wed Oct 03 13:44:18 +0000 2018,0.144,0.856,0.0,"Sen. Susan Collins, a key GOP vote on Brett Kavanaugh's nomination, says President Trump's comments mocking Christi‚Ä¶ https://t.co/QtxLRCHbGH",47,@CNNbrk
-0.6486,Wed Oct 03 12:09:00 +0000 2018,0.185,0.815,0.0,"Grammy Award-winning sound engineer Geoff Emerick, who worked on several Beatles albums, is dead at age 72. He also‚Ä¶ https://t.co/c96pd4ZoXE",48,@CNNbrk
0.5859,Wed Oct 03 11:12:30 +0000 2018,0.0,0.769,0.231,France has frozen assets of Iran's intelligence services and two Iranian nationals after linking them to a thwarted‚Ä¶ https://t.co/eLAodf53qY,49,@CNNbrk
-0.5859,Wed Oct 03 01:51:46 +0000 2018,0.183,0.817,0.0,FBI is expanding its inquiry into sexual assault allegations against Brett Kavanaugh beyond the initial four interv‚Ä¶ https://t.co/ykJ8CJbf2V,50,@CNNbrk
-0.3182,Wed Oct 03 00:40:35 +0000 2018,0.113,0.887,0.0,"RT @CNN: During a rally in Mississippi, President Trump directly mocked Christine Blasey Ford‚Äôs testimony before the Senate Judiciary Commi‚Ä¶",51,@CNNbrk
0.0,Tue Oct 02 23:40:56 +0000 2018,0.0,1.0,0.0,RT @CNNMoney: Facebook doesn't think hackers accessed third-party sites https://t.co/23AYilaYqu https://t.co/42vOku6z3d,52,@CNNbrk
0.0,Tue Oct 02 23:39:59 +0000 2018,0.0,1.0,0.0,Envelope addressed to Trump contains substance believed to be ricin and appears connected to similar mail sent to P‚Ä¶ https://t.co/9o6pfAQQIz,53,@CNNbrk
0.0,Tue Oct 02 21:52:59 +0000 2018,0.0,1.0,0.0,"Secretary of State Mike Pompeo will meet with North Korean dictator Kim Jong Un in Pyongyang on Sunday, the State D‚Ä¶ https://t.co/NG95Ozq6ZI",54,@CNNbrk
0.0,Tue Oct 02 20:58:49 +0000 2018,0.0,1.0,0.0,"JCPenney names veteran retail leader Jill Soltau as its new CEO, making her one of only a handful of female CEOs le‚Ä¶ https://t.co/X0UAZDZXQd",55,@CNNbrk
-0.5106,Tue Oct 02 18:57:04 +0000 2018,0.171,0.829,0.0,"Federal authorities charge four men with inciting rioting and assaulting counterprotesters at last year's ""Unite th‚Ä¶ https://t.co/dnCJoTuV5a",56,@CNNbrk
0.0,Tue Oct 02 18:29:03 +0000 2018,0.0,1.0,0.0,"Indonesian officials raise the toll from Friday's earthquake and tsunami to 1,234 deaths after the bodies of 34 peo‚Ä¶ https://t.co/zfwkr1vluL",57,@CNNbrk
0.128,Tue Oct 02 17:05:40 +0000 2018,0.0,0.923,0.077,"The toxic compound ricin has been detected in two envelopes delivered to the Pentagon's mail facility, a defense of‚Ä¶ https://t.co/JkiliFMya2",58,@CNNbrk
-0.4588,Tue Oct 02 15:53:19 +0000 2018,0.273,0.606,0.121,"A fight that Brett Kavanaugh was accused of starting led to the arrest of Yale friend Chris Dudley, a police report‚Ä¶ https://t.co/i7Duo6NODm",59,@CNNbrk
0.4939,Tue Oct 02 15:11:44 +0000 2018,0.0,0.849,0.151,"The FBI is done interviewing Brett Kavanaugh's high school friend Mark Judge, a lawyer for Judge says. Follow live‚Ä¶ https://t.co/6MNjjF8F4M",60,@CNNbrk
0.0,Tue Oct 02 13:43:15 +0000 2018,0.0,1.0,0.0,"RT @CNNMoney: Markets open little changed. S&amp;P 500 and Nasdaq dip 0.1%. Tesla rises 2% after saying it delivered 83,500 vehicles in the thi‚Ä¶",61,@CNNbrk
0.6808,Tue Oct 02 13:27:06 +0000 2018,0.0,0.741,0.259,"Tesla says the company delivered 83,500 vehicles during the third quarter, a strong performance that should calm in‚Ä¶ https://t.co/PMNQ9ZaLdh",62,@CNNbrk
0.2263,Tue Oct 02 13:00:48 +0000 2018,0.0,0.905,0.095,A law change will allow heterosexual couples in England and Wales to enter into civil partnerships instead of marri‚Ä¶ https://t.co/939V98BJWV,63,@CNNbrk
0.1779,Tue Oct 02 10:23:26 +0000 2018,0.0,0.904,0.096,"Amazon announces a $15 an hour minimum wage for US employees, a move benefiting more than 250,000 workers‚Ä¶ https://t.co/nx6eci3lXq",64,@CNNbrk
0.8625,Tue Oct 02 10:10:00 +0000 2018,0.0,0.575,0.425,"The 2018 award celebrates groundbreaking laser inventions. It‚Äôs shared between three physicists, including the firs‚Ä¶ https://t.co/hA3Xwl5vwJ",65,@CNNbrk
-0.6808,Tue Oct 02 08:27:15 +0000 2018,0.237,0.763,0.0,"More than 1,200 people died in the earthquake and tsunami that struck Indonesia four days ago, officials now say https://t.co/YwtJhG8j1O",66,@CNNbrk
0.0,Mon Oct 01 23:28:35 +0000 2018,0.0,1.0,0.0,Microsoft co-founder Paul Allen says his non-Hodgkin's lymphoma has returned. Allen was treated for the disease in‚Ä¶ https://t.co/wlZzr2neuw,67,@CNNbrk
-0.5574,Mon Oct 01 22:16:20 +0000 2018,0.167,0.833,0.0,A North Carolina man died from a bacterial infection after scraping his leg doing yard work related to Hurricane Fl‚Ä¶ https://t.co/66MK88JLEO,68,@CNNbrk
-0.6705,Mon Oct 01 21:41:40 +0000 2018,0.191,0.809,0.0,A man and his 2-year-old son were identified as among the three people killed when a car exploded Saturday in Allen‚Ä¶ https://t.co/n6ZyfxhFTV,69,@CNNbrk
-0.6808,Mon Oct 01 17:41:02 +0000 2018,0.228,0.772,0.0,Musician Cardi B turns herself in to NYPD and is charged with assault in connection with an incident at a New York‚Ä¶ https://t.co/RFfZrSVcVI,70,@CNNbrk
-0.6597,Mon Oct 01 15:52:06 +0000 2018,0.213,0.787,0.0,A Chinese destroyer came as close as 45 feet to a US Navy ship operating near disputed islands in the South China S‚Ä¶ https://t.co/SRatUbSsV2,71,@CNNbrk
-0.25,Mon Oct 01 15:14:51 +0000 2018,0.091,0.909,0.0,Watch and follow live: President Trump talks about the deal to revamp NAFTA that's been struck after more than a ye‚Ä¶ https://t.co/WxUUZ8Qloc,72,@CNNbrk
-0.5106,Mon Oct 01 13:47:36 +0000 2018,0.202,0.798,0.0,"Officers fatally shot a patient at Orlando Regional Medical Center who claimed he had a gun but didn't, police chie‚Ä¶ https://t.co/kianVqRAfO",73,@CNNbrk
-0.6486,Mon Oct 01 13:46:47 +0000 2018,0.177,0.823,0.0,"Veteran French singer and songwriter Charles Aznavour is dead at 94. Known for his hits ""She"" and ""Hier Encore,"" he‚Ä¶ https://t.co/JXFvzhgfwy",74,@CNNbrk
0.0,Mon Oct 01 11:28:54 +0000 2018,0.0,1.0,0.0,"General Electric, mired in a deep slump, has ousted CEO John Flannery after barely a year on the job‚Ä¶ https://t.co/XoxwEhv9iV",75,@CNNbrk
-0.5574,Mon Oct 01 10:55:42 +0000 2018,0.223,0.777,0.0,German federal prosecutors say they have detained six men who are suspected of having formed a far-right terrorist‚Ä¶ https://t.co/VqfsNT7Dof,76,@CNNbrk
0.7906,Mon Oct 01 10:07:59 +0000 2018,0.0,0.708,0.292,American James Allison and Japan's Tasuku Honjo have won the 2018 Nobel Prize in Medicine for a pioneering approach‚Ä¶ https://t.co/6DT503ovk1,77,@CNNbrk
0.0,Mon Oct 01 03:33:16 +0000 2018,0.0,1.0,0.0,Outside counsel tells Republican senators 'reasonable prosecutor' would not bring Ford case against Kavanaugh https://t.co/ydVAXRE3LP,78,@CNNbrk
0.4939,Mon Oct 01 02:39:41 +0000 2018,0.0,0.856,0.144,"Canada signed on to an agreement that will preserve NAFTA trade pact, two US officials and a Canadian official say https://t.co/wiRuKF9Eo2",79,@CNNbrk
-0.6808,Mon Oct 01 01:59:38 +0000 2018,0.223,0.777,0.0,"A Las Vegas woman sues soccer star Cristiano Ronaldo, alleging that he raped her in 2009 https://t.co/8hYiB4mVuR https://t.co/mVFBAEzRci",80,@CNNbrk
-0.3182,Mon Oct 01 01:21:02 +0000 2018,0.138,0.794,0.069,"California passes the nation's strictest net neutrality law, which prevents internet providers from blocking or slo‚Ä¶ https://t.co/O589lqpTrK",81,@CNNbrk
0.5106,Sun Sep 30 20:53:12 +0000 2018,0.057,0.786,0.157,"The FBI spoke today with Deborah Ramirez, who says Supreme Court nominee Brett Kavanaugh exposed himself to her, a‚Ä¶ https://t.co/4lPMO2079c",82,@CNNbrk
0.0,Sun Sep 30 19:18:51 +0000 2018,0.0,1.0,0.0,"The White House is coordinating with GOP senators to narrow the scope of the Kavanaugh investigation, sources say,‚Ä¶ https://t.co/IaEQ3r30rP",83,@CNNbrk
-0.1027,Sun Sep 30 16:18:53 +0000 2018,0.065,0.935,0.0,"RT @CNNPolitics: Democratic Sen. Amy Klobuchar, a member of the Senate Judiciary Committee, says she was ‚Äúreally stunned by how (Brett Kava‚Ä¶",84,@CNNbrk
0.0,Sun Sep 30 16:18:23 +0000 2018,0.0,1.0,0.0,RT @CNNPolitics: White House counselor Kellyanne Conway say the FBI investigation into Brett Kavanaugh is ‚Äúnot meant to be a fishing expedi‚Ä¶,85,@CNNbrk
-0.5994,Sun Sep 30 07:50:21 +0000 2018,0.206,0.794,0.0,"The death toll from an earthquake and tsunami now exceeds 830 people,  Indonesian officials say.‚Ä¶ https://t.co/3MIg47GArP",86,@CNNbrk
-0.4215,Sat Sep 29 21:56:43 +0000 2018,0.16,0.84,0.0,"Tesla CEO Elon Musk will resign as company chairman and pay $20 million in a settlement with the SEC, after it sued‚Ä¶ https://t.co/GRecfKRfnO",87,@CNNbrk
-0.8442,Sat Sep 29 17:04:14 +0000 2018,0.336,0.664,0.0,"Two police officers were killed in a shootout in Brookhaven, Mississippi, responding to a call about shots fired, a‚Ä¶ https://t.co/cJca3J3RwL",88,@CNNbrk
-0.8176,Sat Sep 29 16:43:12 +0000 2018,0.395,0.605,0.0,Police arrest a suspect in the shooting death of Louisiana State University basketball player Wayde Sims‚Ä¶ https://t.co/Z16IamshpZ,89,@CNNbrk
0.4215,Sat Sep 29 16:34:25 +0000 2018,0.0,0.859,0.141,A rare and powerful hurricane-like storm roars across Greece triggering flooding as it makes its way toward Turkey‚Ä¶ https://t.co/cfVZSrm0xt,90,@CNNbrk
0.0,Sat Sep 29 14:09:25 +0000 2018,0.0,1.0,0.0,Typhoon Trami unleashed heavy winds and rain on southern Japan as it slowly marched toward the nation's main island‚Ä¶ https://t.co/NnGbeTpr2p,91,@CNNbrk
0.4215,Sat Sep 29 08:31:30 +0000 2018,0.0,0.851,0.149,Rescuers scrambled to find survivors after a powerful earthquake hit the Indonesian island of Sulawesi and triggere‚Ä¶ https://t.co/QGVicMQYJu,92,@CNNbrk
-0.8055,Sat Sep 29 05:02:58 +0000 2018,0.277,0.723,0.0,At least 48 people are dead and  more than 350 injured after a series of earthquakes and a tsunami hit the Indonesi‚Ä¶ https://t.co/eDNdUcgWA9,93,@CNNbrk
-0.2263,Sat Sep 29 01:56:54 +0000 2018,0.095,0.905,0.0,Federal judge rules that lawsuit by Democratic lawmakers against Trump over foreign payments to his business can pr‚Ä¶ https://t.co/kH41Mk5Jul,94,@CNNbrk
0.0,Sat Sep 29 01:21:05 +0000 2018,0.0,1.0,0.0,"Marty Balin, whose tenor voice provided hits for the '60s psychedelic rock band Jefferson Airplane, dies at age 76‚Ä¶ https://t.co/7Qfiguy0oP",95,@CNNbrk
0.5574,Fri Sep 28 21:34:32 +0000 2018,0.0,0.841,0.159,RT @CNNPolitics: JUST IN: President Donald Trump has ordered the FBI to conduct a week-long investigation into Supreme Court nominee Brett‚Ä¶,96,@CNNbrk
0.6597,Fri Sep 28 20:16:44 +0000 2018,0.0,0.759,0.241,"Senate GOP agrees to a week for an FBI investigation into US Supreme Court nominee Brett Kavanaugh, delaying a conf‚Ä¶ https://t.co/Sx1ddc4nRI",97,@CNNbrk
-0.5574,Fri Sep 28 19:43:36 +0000 2018,0.167,0.833,0.0,"Six Palestinians died after being shot by Israeli soldiers along the fence that separates Gaza and Israel, Palestin‚Ä¶ https://t.co/dPEkfs3x4Z",98,@CNNbrk
-0.34,Fri Sep 28 19:29:46 +0000 2018,0.107,0.893,0.0,The House passes the final version of a legislative package that aims to combat the opioid epidemic by a vote of 39‚Ä¶ https://t.co/3eSpgLEGNU,99,@CNNbrk
0.4854,Fri Sep 28 18:04:58 +0000 2018,0.095,0.644,0.262,Senate panel approves Brett Kavanaugh's Supreme Court nomination but full vote could be delayed to allow for FBI in‚Ä¶ https://t.co/IEHMpibH1Z,100,@CNNbrk
0.0772,Sat Oct 06 18:18:07 +0000 2018,0.0,0.902,0.098,Key Democrats say they want to impeach Kavanaugh. Can they? (via: @FoxBusiness) https://t.co/MwUHMcoMcy,1,@FoxNews
-0.2263,Sat Oct 06 17:59:18 +0000 2018,0.101,0.899,0.0,"Trump, GOP on cusp of major victory as final Kavanaugh vote nears, protesters gather on Capitol Hill https://t.co/UFmZVKQxSw",2,@FoxNews
-0.4927,Sat Oct 06 17:44:10 +0000 2018,0.225,0.775,0.0,'America's Getting Really Tired of This': @RealCandaceO Slams Left's Kavanaugh Obstruction https://t.co/3tnsaa2MVP,3,@FoxNews
0.2732,Sat Oct 06 17:38:35 +0000 2018,0.083,0.777,0.14,TODAY: Don‚Äôt miss an interview with @senatemajldr Mitch McConnell during special coverage of the Kavanaugh confirma‚Ä¶ https://t.co/C75jmk20GM,4,@FoxNews
0.5574,Sat Oct 06 17:21:00 +0000 2018,0.0,0.723,0.277,.@ChuckGrassley: ‚ÄúWe‚Äôve got to get back to bipartisanship and I want to encourage that.‚Äù https://t.co/212gSx4oNP,5,@FoxNews
0.5574,Sat Oct 06 17:19:26 +0000 2018,0.0,0.789,0.211,.@ChuckGrassley: ‚ÄúI‚Äôm glad to be where we are today. I want to get over this hump and then‚Ä¶ I want to get back to a‚Ä¶ https://t.co/KK2UtPJ8pS,6,@FoxNews
0.0,Sat Oct 06 17:12:27 +0000 2018,0.0,1.0,0.0,".@ChuckGrassley: ‚ÄúHe‚Äôs going to look at the law, he‚Äôs going to look at the facts of the case‚Ä¶ and he‚Äôs going to not‚Ä¶ https://t.co/ePCm3TYfDF",7,@FoxNews
0.8625,Sat Oct 06 17:03:06 +0000 2018,0.0,0.664,0.336,.@FLOTUS: ‚ÄúI think he‚Äôs highly qualified for the Supreme Court. I‚Äôm glad that Dr. Ford was heard. I‚Äôm glad that Jud‚Ä¶ https://t.co/kTZBmiV33F,8,@FoxNews
0.34,Sat Oct 06 16:56:25 +0000 2018,0.0,0.87,0.13,.@ChrisStirewalt: ‚Äú[@Sen_JoeManchin] has played this right a couple of different ways and he is looking quite good‚Ä¶ https://t.co/gQ6trPGwXl,9,@FoxNews
0.0,Sat Oct 06 16:13:58 +0000 2018,0.0,1.0,0.0,.@SenMikeLee: ‚ÄúWe believe we have the votes and we look forward to getting him confirmed today.‚Äù https://t.co/hN7dIfJc78,10,@FoxNews
-0.6249,Sat Oct 06 16:06:58 +0000 2018,0.313,0.687,0.0,.@SenMarkey: ‚ÄúHis confirmation is a constitutional crisis in the making.‚Äù https://t.co/WlDT7Q9Txg,11,@FoxNews
0.4215,Sat Oct 06 15:53:58 +0000 2018,0.0,0.797,0.203,Sen. @LindseyGrahamSC: @SenatorCollins Saved the Senate From 'Sliding Into the Abyss' https://t.co/mEKAjRlkAl,12,@FoxNews
0.3612,Sat Oct 06 15:36:06 +0000 2018,0.0,0.894,0.106,".@JenKernsUSA: ‚ÄúThat is the power of Donald Trump, whether you like him or not, he might be a little brash at times‚Ä¶ https://t.co/bZsBVsCjqx",13,@FoxNews
0.5994,Sat Oct 06 15:25:00 +0000 2018,0.0,0.766,0.234,TODAY: Watch special coverage of the Kavanaugh confirmation vote on Fox News Channel. Join hosts @BillHemmer and‚Ä¶ https://t.co/Jgm5VofN9c,14,@FoxNews
0.0,Sat Oct 06 15:09:21 +0000 2018,0.0,1.0,0.0,Banksy‚Äôs painting self-destructs moments after it‚Äôs sold for $1.4M https://t.co/XclgA6tT3b,15,@FoxNews
0.5574,Sat Oct 06 14:58:10 +0000 2018,0.0,0.806,0.194,U.S. Senators make remarks about the nomination of Judge Brett Kavanaugh to the Supreme Court.‚Ä¶ https://t.co/YuAxxqX95O,16,@FoxNews
0.0,Sat Oct 06 14:53:45 +0000 2018,0.0,1.0,0.0,".@lisamurkowski to vote ‚Äòpresent‚Äô on Kavanaugh so @SteveDaines can attend daughter‚Äôs wedding
https://t.co/JVfxc6dtmm",17,@FoxNews
0.4404,Sat Oct 06 14:44:41 +0000 2018,0.0,0.868,0.132,"Mark Penn: ‚ÄúI hope as part of the postmortem of this, more Democrats will rethink the strategy of resistance.‚Äù https://t.co/gDQR4l3myo",18,@FoxNews
-0.2263,Sat Oct 06 14:35:21 +0000 2018,0.213,0.787,0.0,Protesters Rally Ahead of Final Kavanaugh Vote https://t.co/mpZw1s98mO,19,@FoxNews
0.5574,Sat Oct 06 14:32:50 +0000 2018,0.0,0.806,0.194,U.S. Senators make remarks about the nomination of Judge Brett Kavanaugh to the Supreme Court.‚Ä¶ https://t.co/ze0raFfE8l,20,@FoxNews
0.7178,Sat Oct 06 14:31:29 +0000 2018,0.0,0.76,0.24,".@AlanDersh: ‚ÄúI think that he now, once he‚Äôs confirmed, has an opportunity to go forward and be a very good justice‚Ä¶ https://t.co/fyUeIqYndh",21,@FoxNews
-0.5799,Sat Oct 06 14:25:00 +0000 2018,0.273,0.727,0.0,.@SenJoniErnst: ‚ÄúThis really was a very shameful process by the Democrats.‚Äù https://t.co/5vYXDpB55J,22,@FoxNews
0.7351,Sat Oct 06 14:22:00 +0000 2018,0.0,0.763,0.237,.@SenJoniErnst: ‚ÄúI do believe that we will pick up seats in the United States Senate‚Ä¶ and I think we can gain momen‚Ä¶ https://t.co/sHNwkRd6CM,23,@FoxNews
0.6369,Sat Oct 06 14:18:21 +0000 2018,0.0,0.679,0.321,.@SenJoniErnst: ‚ÄúIn the United States we are presumed innocent until proven guilty.‚Äù https://t.co/rovAVJBKBs,24,@FoxNews
0.0,Sat Oct 06 14:14:11 +0000 2018,0.0,1.0,0.0,.@SenJoniErnst: ‚ÄúAny Senator that maybe steps away or has different thoughts about any large issue facing our natio‚Ä¶ https://t.co/lk32OX0ZSZ,25,@FoxNews
0.0,Sat Oct 06 14:11:37 +0000 2018,0.0,1.0,0.0,.@GriffJenkins is live with the ‚ÄòFox News Update‚Äô on Facebook Watch: https://t.co/hNrB8xzepH https://t.co/L41YlDZ9Ez,26,@FoxNews
0.5574,Sat Oct 06 14:08:35 +0000 2018,0.0,0.833,0.167,.@SenJoniErnst: ‚ÄúI do believe that we will confirm Judge Kavanaugh to be our next US Supreme Court Justice.‚Äù https://t.co/vfXrytkySJ,27,@FoxNews
0.5994,Sat Oct 06 13:55:00 +0000 2018,0.0,0.766,0.234,TODAY: Watch special coverage of the Kavanaugh confirmation vote on Fox News Channel. Join hosts @BillHemmer and‚Ä¶ https://t.co/ecZYYmwFmY,28,@FoxNews
0.7783,Sat Oct 06 13:50:44 +0000 2018,0.0,0.657,0.343,.@BillCassidy: ‚ÄúBrett Kavanaugh will be an outstanding jurist and he will be approved today.‚Äù https://t.co/Q6GkNh9DUG,29,@FoxNews
-0.3612,Sat Oct 06 13:42:14 +0000 2018,0.172,0.828,0.0,Melania Trump criticized for wearing white pith helmet in Kenya during safari https://t.co/hipLRoez3d,30,@FoxNews
0.5106,Sat Oct 06 13:31:37 +0000 2018,0.0,0.732,0.268,.@RealDeanCain: ‚ÄúIt may have energized Republicans more than anybody.‚Äù https://t.co/73NfzHL3eb,31,@FoxNews
0.128,Sat Oct 06 13:25:00 +0000 2018,0.101,0.773,0.126,".@JonahNRO: ‚ÄúMitch McConnell, I think deserves an enormous amount of credit for doing this. He blocked Merrick Garl‚Ä¶ https://t.co/YxhaiVr6U5",32,@FoxNews
-0.2263,Sat Oct 06 13:17:51 +0000 2018,0.241,0.759,0.0,Mass Protests Expected Today; @GillianHTurner reports https://t.co/ruOOYT5163,33,@FoxNews
0.6369,Sat Oct 06 13:00:15 +0000 2018,0.0,0.802,0.198,.@GreggJarrett: ‚ÄúI thought that was the best speech on the floor of the Senate that I‚Äôve seen.‚Äù https://t.co/5H5DEZBN7n,34,@FoxNews
0.5574,Sat Oct 06 12:54:49 +0000 2018,0.0,0.806,0.194,U.S. Senators make remarks about the nomination of Judge Brett Kavanaugh to the Supreme Court.‚Ä¶ https://t.co/IUblpxVJT4,35,@FoxNews
-0.34,Sat Oct 06 12:49:01 +0000 2018,0.156,0.844,0.0,"Pet cat disappears from owner's Montana home, reappears over a year later in Nevada https://t.co/AXUF3tL4uY",36,@FoxNews
0.0772,Sat Oct 06 12:34:30 +0000 2018,0.0,0.947,0.053,".@SenCapito: ‚ÄúI don‚Äôt want to give up anybody‚Äôs right to yell at me or tell me what they think, cause that‚Äôs the wa‚Ä¶ https://t.co/h56AbEr7lA",37,@FoxNews
0.0,Sat Oct 06 12:30:23 +0000 2018,0.0,1.0,0.0,".@SenCapito: ‚ÄúWhen it comes right down to it, the fairness aspect of what we‚Äôve seen moving forward, is why I think‚Ä¶ https://t.co/fLNKkvHn4h",38,@FoxNews
0.0,Sat Oct 06 12:27:00 +0000 2018,0.0,1.0,0.0,Senate Expected to Confirm Kavanaugh Today; @ChadPergram reports https://t.co/0JvZx8ncZT,39,@FoxNews
-0.4588,Sat Oct 06 12:25:06 +0000 2018,0.168,0.765,0.066,'Jersey Shore' star Mike 'The Situation' Sorrentino speaks out following 8-month prison sentence for tax evasion https://t.co/lWkNpvX14X,40,@FoxNews
0.5256,Sat Oct 06 12:21:01 +0000 2018,0.0,0.816,0.184,".@mercedesschlapp: ‚ÄúI‚Äôm incredibly proud of working with this president, who has stood by Judge Kavanaugh.‚Äù https://t.co/hf5JqeQhlB",41,@FoxNews
0.4678,Sat Oct 06 12:18:28 +0000 2018,0.0,0.816,0.184,".@mercedesschlapp: ‚ÄúIt‚Äôs such a huge win for the president, but not only for the president, but for the nation, for‚Ä¶ https://t.co/r8b8M5vFdF",42,@FoxNews
0.0,Sat Oct 06 12:14:30 +0000 2018,0.0,1.0,0.0,".@mercedesschlapp: ‚ÄúPresident Trump stood by Brett Kavanaugh throughout this whole process, I don‚Äôt know if any oth‚Ä¶ https://t.co/C2UzLmOSTu",43,@FoxNews
0.4939,Sat Oct 06 12:11:14 +0000 2018,0.0,0.789,0.211,".@mercedesschlapp: ‚ÄúClearly for Senator Collins, this was a moment of courage for her.‚Äù https://t.co/ygfDs0TZhb",44,@FoxNews
0.0,Sat Oct 06 12:03:06 +0000 2018,0.0,1.0,0.0,Senate Expected to Confirm Kavanaugh Today https://t.co/Mjv28AAvHR,45,@FoxNews
0.4404,Sat Oct 06 11:58:45 +0000 2018,0.0,0.868,0.132,.@cindyhydesmith: ‚ÄúWe just wanted Susan Collins to know that we were close to her and we were supporting her.‚Äù https://t.co/WzwE3wO9Fl,46,@FoxNews
0.5994,Sat Oct 06 11:55:00 +0000 2018,0.0,0.766,0.234,TODAY: Watch special coverage of the Kavanaugh confirmation vote on Fox News Channel. Join hosts @BillHemmer and‚Ä¶ https://t.co/7HpLCcLnFq,47,@FoxNews
0.3182,Sat Oct 06 11:52:36 +0000 2018,0.0,0.897,0.103,".@kayleighmcenany: ‚ÄúFor the first time, you will have a court that respects the rule of law and the place of Congre‚Ä¶ https://t.co/NyOusuw2kd",48,@FoxNews
0.0,Sat Oct 06 11:42:30 +0000 2018,0.0,1.0,0.0,".@TheWorldsFrates: ‚ÄúSenators Joe Manchin, Collins and Flake, what they have signaled to America is that we adhere t‚Ä¶ https://t.co/iTxNuoBEdd",49,@FoxNews
-0.0258,Sat Oct 06 11:39:23 +0000 2018,0.106,0.793,0.101,".@RochelleRitchie: ‚ÄúI think it is fair to say that there was, unfortunately, not enough tangible evidence to hold K‚Ä¶ https://t.co/EzidJOylUh",50,@FoxNews
0.0,Sat Oct 06 11:28:24 +0000 2018,0.0,1.0,0.0,.@FLOTUS Lands in Egypt https://t.co/TfJ8Xndpol,51,@FoxNews
-0.6705,Sat Oct 06 11:15:00 +0000 2018,0.355,0.645,0.0,'Murphy Brown' makes real Sarah Sanders a target of fake reporter's rant https://t.co/YDhtrxTuuX,52,@FoxNews
0.0,Sat Oct 06 11:10:00 +0000 2018,0.0,1.0,0.0,Here comes the judge: Autonomous cop car is a mobile courthouse https://t.co/5XbvCatn69,53,@FoxNews
0.5965,Sat Oct 06 11:01:00 +0000 2018,0.0,0.739,0.261,A Kavanaugh confirmation would likely pave way for a more conservative Supreme Court https://t.co/bkvI3nbmZ1,54,@FoxNews
0.1779,Sat Oct 06 10:55:00 +0000 2018,0.0,0.866,0.134,"Robert Mueller's team begins seizing Manafort's assets, including Trump Tower condo https://t.co/ydMQyTzfnw",55,@FoxNews
0.6369,Sat Oct 06 10:50:00 +0000 2018,0.0,0.755,0.245,"Jim McLaughlin: ‚ÄúThey‚Äôre seeing the radicalization of the Democratic Party, and they don‚Äôt like it. Those pictures‚Ä¶ https://t.co/8lVlm9R47u",56,@FoxNews
0.0,Sat Oct 06 10:45:02 +0000 2018,0.0,1.0,0.0,Jim McLaughlin on @Sen_JoeManchin: ‚ÄúIt was all about political survival for him.‚Äù @foxandfriends‚Ä¶ https://t.co/fhbYtAyHqq,57,@FoxNews
0.5574,Sat Oct 06 10:41:29 +0000 2018,0.0,0.806,0.194,U.S. Senators make remarks about the nomination of Judge Brett Kavanaugh to the Supreme Court.‚Ä¶ https://t.co/3oJPwha6I5,58,@FoxNews
0.0,Sat Oct 06 10:40:00 +0000 2018,0.0,1.0,0.0,Senate expected to confirm Kavanaugh today @foxandfriends https://t.co/2psN84CsKW,59,@FoxNews
-0.9118,Sat Oct 06 10:38:00 +0000 2018,0.558,0.442,0.0,"Violent fight over cocaine led to ex-Playboy model's strangulation death, suspect told police https://t.co/KqgKiRzDFe",60,@FoxNews
0.4391,Sat Oct 06 10:33:41 +0000 2018,0.0,0.855,0.145,Andrea Bottner on @SenatorCollins: ‚ÄúShe is one of the most thoughtful and well-reasoned and bipartisan working sena‚Ä¶ https://t.co/yVOqLy15rz,61,@FoxNews
0.3612,Sat Oct 06 10:30:00 +0000 2018,0.0,0.878,0.122,".@LindseyGrahamSC: ""One thing I like about @SenatorCollins: If you think you can change her mind by yelling at her‚Ä¶ https://t.co/jcsGrNR1NI",62,@FoxNews
-0.2732,Sat Oct 06 10:22:00 +0000 2018,0.149,0.851,0.0,Oklahoma man faces charges for shooting deer hours before hunting season starts https://t.co/pEmaePLsV4,63,@FoxNews
0.4215,Sat Oct 06 10:15:00 +0000 2018,0.0,0.859,0.141,".@LindseyGrahamSC on Senator Collins' Kavanaugh remarks: ""I think she saved the Senate and the judiciary from slidi‚Ä¶ https://t.co/8dDiGTBoSV",64,@FoxNews
-0.25,Sat Oct 06 10:07:00 +0000 2018,0.105,0.895,0.0,Debra Messing says she would rather be stuck in an elevator with Donald Trump than Susan Sarandon https://t.co/fedtYveJ2l,65,@FoxNews
0.4404,Sat Oct 06 10:00:00 +0000 2018,0.0,0.884,0.116,".@senatemajldr on Kavanaugh vote: ""We had to move on this. This was not going to get any better if we didn't vote."" https://t.co/0tXmCfvZn8",66,@FoxNews
-0.7845,Sat Oct 06 09:52:00 +0000 2018,0.365,0.635,0.0,Judge OKs death penalty for 'human monster' linked to slayings of 5 California women https://t.co/99XH3MAyd6,67,@FoxNews
-0.3875,Sat Oct 06 09:45:00 +0000 2018,0.141,0.859,0.0,".@seanhannity on Kavanaugh nomination: ""I don't care if you're a Republican or Democrat, liberal or conservative. W‚Ä¶ https://t.co/u1YUg84K5L",68,@FoxNews
0.0,Sat Oct 06 09:38:00 +0000 2018,0.0,1.0,0.0,NBC station fires reporter for wearing MAGA hat while covering @realDonaldTrump rally https://t.co/7WiqYeog2a,69,@FoxNews
-0.25,Sat Oct 06 09:30:00 +0000 2018,0.109,0.833,0.057,".@SenatorCollins on Kavanaugh nomination: ""I do not believe that these charges can fairly prevent Judge Kavanaugh f‚Ä¶ https://t.co/d7bkOYcsMF",70,@FoxNews
0.0,Sat Oct 06 09:22:00 +0000 2018,0.0,1.0,0.0,"RACCOONS VS. SPRINKLER: The Greenwood Wildlife Rehabilitation Center in Boulder, Colorado, released this video of r‚Ä¶ https://t.co/0JU5abkYs3",71,@FoxNews
0.2263,Sat Oct 06 09:15:00 +0000 2018,0.108,0.739,0.153,".@SenJohnKennedy: ""There are no winners I'll bet you...this time tomorrow night Judge Kavanaugh...he won't feel lik‚Ä¶ https://t.co/9wl7VMir0K",72,@FoxNews
-0.2263,Sat Oct 06 09:07:00 +0000 2018,0.147,0.853,0.0,"La Croix contains same ingredient found in cockroach insecticide, lawsuit claims https://t.co/gZnkEHIRIb",73,@FoxNews
-0.5733,Sat Oct 06 09:00:01 +0000 2018,0.239,0.761,0.0,".@JesseBWatters on Kavanaugh testimony: ""Democrats don't like the fact that he cried, because that emotion propelle‚Ä¶ https://t.co/mpzylGYM0N",74,@FoxNews
0.0,Sat Oct 06 08:52:00 +0000 2018,0.0,1.0,0.0,"Zac Brown, wife Shelly divorcing after 12 years of marriage: 'We have led a whirlwind life' https://t.co/FqFBkKqGq8",75,@FoxNews
-0.3818,Sat Oct 06 08:45:00 +0000 2018,0.126,0.874,0.0,".@SenTedCruz: ""I think this Kavanaugh fight really underscores what the stakes are in U.S. Senate races across the‚Ä¶ https://t.co/MUhWozSxSN",76,@FoxNews
0.128,Sat Oct 06 08:38:00 +0000 2018,0.0,0.87,0.13,@ChuckGrassley demands correspondence between Ford legal team and Dem senators https://t.co/blv5JHsUCU,77,@FoxNews
0.4767,Sat Oct 06 08:30:00 +0000 2018,0.0,0.853,0.147,".@JesseBWatters on Kavanaugh nomination: ""I think people respect the fact that this president did not back down, th‚Ä¶ https://t.co/QfTPN9Hkb3",78,@FoxNews
0.0,Sat Oct 06 08:21:00 +0000 2018,0.0,1.0,0.0,"West Virginia's @Sen_JoeManchin, a red-state Democrat and key swing vote, described Judge Brett Kavanaugh Friday.‚Ä¶ https://t.co/lBDBJEulqd",79,@FoxNews
0.0,Sat Oct 06 08:15:00 +0000 2018,0.0,1.0,0.0,".@SenMikeLee: ‚ÄúSure, he raised his voice. Absolutely he did. I think most people‚Ä¶if faced with the kinds of accusat‚Ä¶ https://t.co/XMNwVYxWue",80,@FoxNews
0.5574,Sat Oct 06 08:09:35 +0000 2018,0.0,0.806,0.194,U.S. Senators make remarks about the nomination of Judge Brett Kavanaugh to the Supreme Court.‚Ä¶ https://t.co/UKe6nXwZod,81,@FoxNews
0.4404,Sat Oct 06 08:07:00 +0000 2018,0.0,0.756,0.244,American Bar Association reconsiders supporting Kavanaugh due to 'temperament' https://t.co/hNfIIMWtJA,82,@FoxNews
-0.765,Sat Oct 06 07:59:00 +0000 2018,0.28,0.72,0.0,".@seanhannity: ""For the last 22 days we Americans, we have witnessed what is an unrivaled insanity, a madness that‚Ä¶ https://t.co/C9s3MzDLgG",83,@FoxNews
0.7506,Sat Oct 06 07:52:00 +0000 2018,0.0,0.67,0.33,"Former President @GeorgeHWBush praised the ""political courage and class"" displayed by @SenatorCollins following her‚Ä¶ https://t.co/I8NIrDKL1A",84,@FoxNews
-0.5574,Sat Oct 06 07:45:00 +0000 2018,0.146,0.854,0.0,".@SenTedCruz: ""What we've seen in the last two years is the extreme left is just filled with rage, they're filled w‚Ä¶ https://t.co/bR0CDJXlG3",85,@FoxNews
0.4939,Sat Oct 06 07:38:00 +0000 2018,0.0,0.833,0.167,"Claim of 'thorough' FBI probe of Kavanaugh is 'absurd,' says friend of Ford who wasn't interviewed https://t.co/ubsgpjwm1J",86,@FoxNews
-0.2732,Sat Oct 06 07:30:00 +0000 2018,0.209,0.669,0.121,".@SenTedCruz on Kavanaugh nomination: ""It was a ridiculous circus and they were willing to smear a good man and his‚Ä¶ https://t.co/52WZljnDTF",87,@FoxNews
0.0,Sat Oct 06 07:22:00 +0000 2018,0.0,1.0,0.0,GOP congressman offers plane so Sen. Daines can attend daughter's Montana wedding and still vote for Kavanaugh https://t.co/de4bV6EUfd,88,@FoxNews
0.3612,Sat Oct 06 07:15:00 +0000 2018,0.0,0.878,0.122,".@LindseyGrahamSC: ""One thing I like about @SenatorCollins: If you think you can change her mind by yelling at her‚Ä¶ https://t.co/06hKFdWVjj",89,@FoxNews
-0.296,Sat Oct 06 07:09:00 +0000 2018,0.167,0.833,0.0,"New Navy ship-to-shore connector transports tanks, brings new amphibious warfare era https://t.co/gZvTDP3smr",90,@FoxNews
0.4404,Sat Oct 06 07:01:00 +0000 2018,0.0,0.734,0.266,Dodgers blank Braves 3-0 for 2-0 NLDS lead https://t.co/HatI06bSg9,91,@FoxNews
0.4215,Sat Oct 06 06:55:00 +0000 2018,0.0,0.851,0.149,".@LindseyGrahamSC on @SenatorCollins' Kavanaugh remarks: ""I think she saved the Senate and the judiciary from slidi‚Ä¶ https://t.co/8SBqjoRNzb",92,@FoxNews
0.0,Sat Oct 06 06:50:00 +0000 2018,0.0,1.0,0.0,Olympic swimmer Ryan Lochte to seek treatment for alcohol addiction: report https://t.co/xQ7xh1JHP4,93,@FoxNews
0.1531,Sat Oct 06 06:45:00 +0000 2018,0.0,0.89,0.11,"Police union leader blasts Van Dyke verdict, says it resulted from 'sham trial' https://t.co/pQzmbtzpB4",94,@FoxNews
0.0,Sat Oct 06 06:38:00 +0000 2018,0.0,1.0,0.0,America Speaks Out: @FoxNewsNight sent crews out in cities across the country Friday to ask whether the Kavanaugh c‚Ä¶ https://t.co/Y31mWUpng4,95,@FoxNews
0.5574,Sat Oct 06 06:34:26 +0000 2018,0.0,0.806,0.194,U.S. Senators make remarks about the nomination of Judge Brett Kavanaugh to the Supreme Court.‚Ä¶ https://t.co/4Qes0jO9h8,96,@FoxNews
0.0,Sat Oct 06 06:31:00 +0000 2018,0.0,1.0,0.0,"Astros hit 4 HRs, down Indians 7-2 in ALDS opener https://t.co/Aau0aQUx0o",97,@FoxNews
-0.3182,Sat Oct 06 06:24:00 +0000 2018,0.163,0.837,0.0,".@KristySwansonXO: ‚ÄúI have a hard time understanding all these protests by women and the marches, and I don‚Äôt get i‚Ä¶ https://t.co/ZCuy1Skw9n",98,@FoxNews
0.0,Sat Oct 06 06:17:00 +0000 2018,0.0,1.0,0.0,"HEADS UP: In advance of Fleet Week performances, Team Oracle aerobatics pilot Sean D. Tucker and the @USNavy Blue A‚Ä¶ https://t.co/BHcFznt9pC",99,@FoxNews
0.6908,Sat Oct 06 06:10:00 +0000 2018,0.0,0.749,0.251,.@robertjeffress on Evangelicals supporting @POTUS: ‚ÄúNo faith has ever done more to elevate the status of women tha‚Ä¶ https://t.co/FSL0TLoF8K,100,@FoxNews
0.0,Sat Oct 06 18:15:06 +0000 2018,0.0,1.0,0.0,"3 New York Times reporters spent over a year digging through more than 100,000 pages of documents and chasing down‚Ä¶ https://t.co/lMPwZ4Tmsu",1,@NYTimes
0.6222,Sat Oct 06 18:00:05 +0000 2018,0.0,0.815,0.185,Logic has become one of hip-hop‚Äôs most commercially successful artists by charting a path similar to Lil Wayne‚Äôs wh‚Ä¶ https://t.co/kzIEpDMFia,2,@NYTimes
-0.2263,Sat Oct 06 17:59:10 +0000 2018,0.106,0.894,0.0,RT @SherylNYT: Protesters are massing at the Capitol before confirmation vote on Judge Brett M. Kavanaugh https://t.co/7Kn2UnlMpx,3,@NYTimes
0.0,Sat Oct 06 17:59:08 +0000 2018,0.0,1.0,0.0,"RT @SherylNYT: SPOTTED in the Capitol: Debra S. Katz and Lisa Banks, attorneys for Christine Blasey Ford, entering the Senate visitor's gal‚Ä¶",4,@NYTimes
-0.296,Sat Oct 06 17:45:08 +0000 2018,0.099,0.901,0.0,"RT @TomJolly: If you missed the @nytimes investigative report on @realDonaldTrump‚Äôs tax history, it will be available on newsstands in the‚Ä¶",5,@NYTimes
0.5574,Sat Oct 06 17:45:06 +0000 2018,0.0,0.854,0.146,"Once Brett Kavanaugh is sworn in, the Supreme Court will be more conservative than at any other time in modern hist‚Ä¶ https://t.co/fB9ztHvxM7",6,@NYTimes
0.431,Sat Oct 06 17:30:03 +0000 2018,0.0,0.856,0.144,"For many Brazilians, this weekend's presidential elections have come down to who is the least bad option. https://t.co/I9E1xQDDwz",7,@NYTimes
0.1779,Sat Oct 06 17:15:09 +0000 2018,0.115,0.733,0.152,"In Opinion

Daniel Willingham writes: ""There‚Äôs no good scientific evidence that learning styles actually exist."" https://t.co/Sccnco85KO",8,@NYTimes
0.34,Sat Oct 06 17:00:06 +0000 2018,0.0,0.876,0.124,"Senators spent hours Friday night into Saturday morning giving speeches about Brett Kavanaugh, ahead of the expecte‚Ä¶ https://t.co/SOldOZlqSg",9,@NYTimes
0.3612,Sat Oct 06 16:46:29 +0000 2018,0.0,0.865,0.135,"RT @NYTHealth: What does DNA look like? In the lab, the stuff resembles soggy cotton candy. https://t.co/I0tctMUqJE",10,@NYTimes
0.4588,Sat Oct 06 16:34:40 +0000 2018,0.0,0.88,0.12,"RT @katierogers: Complete FLOTUS answer to my q on Kavanaugh: She called him ‚Äúhighly qualified‚Äù and said ‚ÄúI‚Äôm glad Dr. Ford was heard, I‚Äôm‚Ä¶",11,@NYTimes
0.0,Sat Oct 06 16:34:20 +0000 2018,0.0,1.0,0.0,"RT @katierogers: MORE from FLOTUS, who told me she sometimes takes the president‚Äôs phone away. On his sharp words on Twitter: ‚ÄúI don‚Äôt alwa‚Ä¶",12,@NYTimes
-0.7346,Sat Oct 06 16:34:14 +0000 2018,0.274,0.61,0.116,RT @katierogers: ‚ÄúWe need to help all of the victims no matter our opinions. I am against any kind of abuse or violence.‚Äù But FLOTUS would‚Ä¶,13,@NYTimes
0.0,Sat Oct 06 16:34:08 +0000 2018,0.0,1.0,0.0,RT @katierogers: NEW: FLOTUS just spoke for five minutes in front of the Sphinx. Touched on #MeToo. She said she thinks Kavanaugh is ‚Äúhighl‚Ä¶,14,@NYTimes
0.0,Sat Oct 06 16:30:05 +0000 2018,0.0,1.0,0.0,"In a blog post he now says was meant to be satirical, a Brooklyn professor wrote, ‚ÄúIn the future, having committed‚Ä¶ https://t.co/hryLUUaYQo",15,@NYTimes
0.0,Sat Oct 06 16:30:05 +0000 2018,0.0,1.0,0.0,"RT @NYTSports: ""I believe that you‚Äôre a hitter first and you‚Äôre a slugger second,"" J.D. Martinez said after his 3-run HR helped the Red Sox‚Ä¶",16,@NYTimes
0.0258,Sat Oct 06 16:15:07 +0000 2018,0.098,0.8,0.102,"The FDA is now approving the vaccine that protects against 9 strains of human papillomavirus, or HPV, for people up‚Ä¶ https://t.co/dWRxb0AMfJ",17,@NYTimes
0.4019,Sat Oct 06 16:00:14 +0000 2018,0.0,0.876,0.124,"Have a question about healthy sex, what‚Äôs normal for your body or some other women‚Äôs health issue? Our editors are‚Ä¶ https://t.co/R7vDJbokHs",18,@NYTimes
0.2023,Sat Oct 06 15:50:02 +0000 2018,0.158,0.644,0.198,"Review: ""A Star Is Born,"" starring Lady Gaga and Bradley Cooper, is a gorgeous heartbreaker https://t.co/w54WWSkDJ2",19,@NYTimes
0.2023,Sat Oct 06 15:35:04 +0000 2018,0.0,0.909,0.091,"To understand why Columbus and Columbus Day remain important to Italian-Americans, they say it is necessary to reme‚Ä¶ https://t.co/2L5EugxDii",20,@NYTimes
-0.34,Sat Oct 06 15:20:06 +0000 2018,0.103,0.897,0.0,"Moments after the gavel sounded on the $1.4 million sale of the Banksy artwork, an alarm sounded and it slipped thr‚Ä¶ https://t.co/DnbgLEH4BJ",21,@NYTimes
-0.6597,Sat Oct 06 15:04:04 +0000 2018,0.27,0.652,0.078,"During a critical point in the Vietnam War, a top U.S. military commander activated a plan to move tactical nuclear‚Ä¶ https://t.co/b9tdUoxqit",22,@NYTimes
-0.0762,Sat Oct 06 14:49:45 +0000 2018,0.064,0.936,0.0,White House counsel Donald F. McGahn II reportedly told President Trump they could not legally order an unlimited F‚Ä¶ https://t.co/dVRqI0VSLT,23,@NYTimes
-0.3412,Sat Oct 06 14:33:02 +0000 2018,0.124,0.876,0.0,"""If 'Seinfeld' was a show about nothing, 'The Good Place' is a show about everything ‚Äî including, and especially, g‚Ä¶ https://t.co/hIY5YWCyrR",24,@NYTimes
-0.6486,Sat Oct 06 14:16:03 +0000 2018,0.193,0.807,0.0,"For months, a reputed mobster has been pursued by someone who wanted him dead. On Thursday, outside a McDonald‚Äôs in‚Ä¶ https://t.co/PGVGLHBhr3",25,@NYTimes
0.34,Sat Oct 06 14:00:14 +0000 2018,0.0,0.882,0.118,"Potentially for sale: $22 million in real estate, some purchased with the ill-gotten gains of Paul Manafort. Here's‚Ä¶ https://t.co/39IRoEE4IR",26,@NYTimes
0.8625,Sat Oct 06 13:45:03 +0000 2018,0.0,0.652,0.348,A rare thing happened with the Nobel Prizes for physics and chemistry: Women won them. Here's the week in good news. https://t.co/9DywwIlL9s,27,@NYTimes
0.0,Sat Oct 06 13:30:10 +0000 2018,0.0,1.0,0.0,"What service animals can you bring on an Alaska Airlines flight? Dogs, cats and... miniature horses. https://t.co/KGzR0hsCnv",28,@NYTimes
0.6597,Sat Oct 06 13:15:04 +0000 2018,0.0,0.787,0.213,He once joked with friends he was still single because he was holding out for a supermodel. Then he actually fell i‚Ä¶ https://t.co/KZLjd3lmgr,29,@NYTimes
0.0,Sat Oct 06 13:02:06 +0000 2018,0.0,1.0,0.0,"The NYT movie review of ""A Star Is Born"" https://t.co/zVFi9rmjtT",30,@NYTimes
0.0,Sat Oct 06 12:54:38 +0000 2018,0.0,1.0,0.0,Why Count All the Squirrels in Central Park? Why the Heck Not https://t.co/O149ZSDsI8,31,@NYTimes
-0.2263,Sat Oct 06 12:42:03 +0000 2018,0.091,0.909,0.0,"In Opinion

Emma Gonz√°lez writes, ""This isn‚Äôt something we are ever going to forget about. This isn‚Äôt something we‚Ä¶ https://t.co/HcyM9kgMvr",32,@NYTimes
0.6369,Sat Oct 06 12:22:04 +0000 2018,0.0,0.792,0.208,"Modern Love: ""You can‚Äôt will the right man into your life simply by planning for him"" https://t.co/jsuiMVhaWj",33,@NYTimes
0.0,Sat Oct 06 12:02:10 +0000 2018,0.0,1.0,0.0,How to vote early in the 2018 midterm elections https://t.co/u7qJ60Adz5,34,@NYTimes
0.0,Sat Oct 06 11:47:03 +0000 2018,0.0,1.0,0.0,President Trump has sold himself as a self-made billionaire but our investigation found that he received more than‚Ä¶ https://t.co/WMtwcPbvMq,35,@NYTimes
0.4005,Sat Oct 06 11:42:02 +0000 2018,0.0,0.77,0.23,"The 19 fall cookbooks @NYTFood is most excited about 
https://t.co/zMPWt4Yrv6",36,@NYTimes
0.0,Sat Oct 06 11:22:05 +0000 2018,0.0,1.0,0.0,"The man that the Danish government says swindled it out of $2 billion resides in a 10,000 square foot home in Dubai‚Ä¶ https://t.co/KkwyeI7LXC",37,@NYTimes
0.8126,Sat Oct 06 11:02:04 +0000 2018,0.088,0.5,0.412,A top Democrat promised to open an investigation into accusations against Brett Kavanaugh if the party wins control‚Ä¶ https://t.co/nZOFh4wCBt,38,@NYTimes
0.0,Sat Oct 06 10:31:11 +0000 2018,0.0,1.0,0.0,Here's everything you need to know for the midterm elections https://t.co/8k4PNToChW,39,@NYTimes
-0.6249,Sat Oct 06 10:14:49 +0000 2018,0.291,0.709,0.0,Nonfiction: Ben Fountain Takes a Tour Through Our Current Existential Crisis https://t.co/e807w5PDj9,40,@NYTimes
-0.8225,Sat Oct 06 10:00:36 +0000 2018,0.409,0.591,0.0,Cameroon on Brink of Civil War as English Speakers Recount ‚ÄòUnbearable‚Äô Horrors https://t.co/ORTto6SBpY,41,@NYTimes
-0.7906,Sat Oct 06 09:53:01 +0000 2018,0.333,0.667,0.0,"An Infant Is Dead, Her Twin Is Injured, and Their Mother Is in Police Custody https://t.co/EfK0UOtMEN",42,@NYTimes
0.1779,Sat Oct 06 09:49:39 +0000 2018,0.0,0.898,0.102,What's one of the fastest growing sources of greenhouse gas emissions? A new report says plastics. https://t.co/MbmOAkR6oS,43,@NYTimes
0.0,Sat Oct 06 09:32:06 +0000 2018,0.0,1.0,0.0,"RT @nytimesarts: Bradley Cooper narrates a scene from ""A Star Is Born"" where Lady Gaga's star begins to rise https://t.co/4Ao7ufSNoJ",44,@NYTimes
0.0,Sat Oct 06 09:29:03 +0000 2018,0.0,1.0,0.0,Danske Bank Faces U.S. Inquiry Over Money Laundering https://t.co/leAVDuQD1H,45,@NYTimes
0.0,Sat Oct 06 09:07:00 +0000 2018,0.0,1.0,0.0,Taking a trip down California's Highway 1 ‚Äî now reopened in its entirety https://t.co/tBVh2Hruxn,46,@NYTimes
0.0258,Sat Oct 06 08:49:33 +0000 2018,0.0,0.901,0.099,Nonfiction: How Do We Make the Long-Term Decisions That Matter? https://t.co/OfEg2CA1va,47,@NYTimes
0.2023,Sat Oct 06 08:42:10 +0000 2018,0.0,0.893,0.107,"Researchers at Johns Hopkins University have recommended that psilocybin, the compound found in hallucinogenic mush‚Ä¶ https://t.co/sUsVsQbGSM",48,@NYTimes
0.34,Sat Oct 06 08:24:43 +0000 2018,0.0,0.806,0.194,Our cybersecurity reporter @sheeraf explains how she safeguards her devices https://t.co/3WoDLIh7uk,49,@NYTimes
0.5106,Sat Oct 06 08:08:33 +0000 2018,0.0,0.732,0.268,"Montserrat Caball√©, Revered Spanish Prima Donna, Dies at 85 https://t.co/UcwX6ktqrS",50,@NYTimes
0.6249,Sat Oct 06 08:06:59 +0000 2018,0.145,0.485,0.37,"How special education is failing T.J., a friendly 12-year-old boy, and many children like him https://t.co/xXTBg6rLsc",51,@NYTimes
0.0,Sat Oct 06 07:49:39 +0000 2018,0.0,1.0,0.0,"Cindy Sherman has recently taken to Instagram, where she has been producing a series of images utterly unlike anyth‚Ä¶ https://t.co/lLfQrr7rrY",52,@NYTimes
-0.296,Sat Oct 06 07:32:04 +0000 2018,0.109,0.891,0.0,RT @nytimesworld: The president of Interpol has been reported missing by his wife after he traveled to China https://t.co/7LuAb3xOAV,53,@NYTimes
0.4404,Sat Oct 06 07:08:01 +0000 2018,0.0,0.813,0.187,"In Opinion

""A growing body of literature suggesting that the immune system is involved in psychiatric disorders fr‚Ä¶ https://t.co/fz7xFXzUbs",54,@NYTimes
0.0,Sat Oct 06 06:51:54 +0000 2018,0.0,1.0,0.0,Her home in Vienna was confiscated by the Nazis in 1940. She later secretly moved back in and spied on the SS offic‚Ä¶ https://t.co/yToDt22OEn,55,@NYTimes
-0.5009,Sat Oct 06 06:35:04 +0000 2018,0.146,0.854,0.0,"In this Ukrainian town, almost everyone speaks Hungarian. It offers another example of why it so difficult for Ukra‚Ä¶ https://t.co/nGoyGSsKEA",56,@NYTimes
0.7351,Sat Oct 06 06:07:17 +0000 2018,0.0,0.721,0.279,"This Greek-style broiled shrimp dish is ready in just 10 minutes, making it the perfect weeknight recipe https://t.co/GHT4G0EoyQ",57,@NYTimes
0.7096,Sat Oct 06 05:49:18 +0000 2018,0.0,0.688,0.312,"The best TV shows and movies new to Netflix, Amazon and more in October https://t.co/XJclRYR6Zy",58,@NYTimes
-0.6369,Sat Oct 06 05:32:03 +0000 2018,0.243,0.66,0.097,RT @nytopinion: A vote for Brett Kavanaugh delivered a message to women who‚Äôve suffered sexual assault: If the powerful can find a way to n‚Ä¶,59,@NYTimes
0.891,Sat Oct 06 05:03:02 +0000 2018,0.0,0.616,0.384,"The first time our correspondent met the Nobel Peace Prize winner Dr. Denis Mukwege, the doctor was performing arou‚Ä¶ https://t.co/iCJ3HXIl9N",60,@NYTimes
0.0,Sat Oct 06 04:47:04 +0000 2018,0.0,1.0,0.0,"RT @marclacey: ""I flail, I gasp, and I make barbaric yawps‚Äîeven though the pool I‚Äôm using is only four feet deep, even though I have a kick‚Ä¶",61,@NYTimes
0.4404,Sat Oct 06 04:33:16 +0000 2018,0.0,0.861,0.139,"When Donald Trump was 3 years old, his father effectively made him a landlord. Here‚Äôs how Fred Trump‚Äôs maneuver cre‚Ä¶ https://t.co/BWzvJNdjD7",62,@NYTimes
0.4019,Sat Oct 06 04:17:01 +0000 2018,0.0,0.876,0.124,Ford is in talks with Volkswagen about a broad partnership that could help turn around its ailing operations in Eur‚Ä¶ https://t.co/b03SFMpgSC,63,@NYTimes
0.0,Sat Oct 06 04:08:57 +0000 2018,0.0,1.0,0.0,"Red Sox 5, Yankees 4 | Boston leads series, 1-0: Red Sox Hang On to Beat Yankees in Game 1 https://t.co/pRLiKEgjol",64,@NYTimes
-0.9081,Sat Oct 06 04:02:08 +0000 2018,0.388,0.612,0.0,After the Chicago police officer Jason Van Dyke was found guilty of second-degree murder in the death of Laquan McD‚Ä¶ https://t.co/vVuZgucG6K,65,@NYTimes
0.3612,Sat Oct 06 03:55:05 +0000 2018,0.0,0.821,0.179,Want to share a confidential news tip with The New York Times? Here's how you do it: https://t.co/Q6c7hrPQd7 https://t.co/eaDV29QTst,66,@NYTimes
0.0,Sat Oct 06 03:47:03 +0000 2018,0.0,1.0,0.0,"RT @ByJamesWagner: What Alex Cora means to baseball (where there are few Latino managers), Boston (a city with a complicated past &amp; many Pu‚Ä¶",67,@NYTimes
0.0,Sat Oct 06 03:32:03 +0000 2018,0.0,1.0,0.0,Taking a trip down California's Highway 1 ‚Äî now reopened in its entirety https://t.co/oGDHbTFeN8,68,@NYTimes
0.6428,Sat Oct 06 03:17:06 +0000 2018,0.048,0.745,0.207,"RT @nytpolitics: Senator Steve Daines probably won‚Äôt be needed to confirm Judge Kavanaugh to the Supreme Court, but he‚Äôs ready to leave his‚Ä¶",69,@NYTimes
0.0,Sat Oct 06 03:02:01 +0000 2018,0.0,1.0,0.0,Our investigation revealed that Donald Trump received the equivalent today of at least $413 million from his father‚Ä¶ https://t.co/TLTNm4X7XC,70,@NYTimes
-0.7574,Sat Oct 06 02:47:01 +0000 2018,0.276,0.662,0.062,"Global warming is bringing the planet into an era of wilder, more dangerous rains with ruinous and long-lasting con‚Ä¶ https://t.co/cTi2B2LWn6",71,@NYTimes
0.4939,Sat Oct 06 02:32:02 +0000 2018,0.0,0.868,0.132,"This simple change in the way you get out of your car can save lives ‚Äî of cyclists, drivers and passengers. Here‚Äôs‚Ä¶ https://t.co/1Xin36tgTB",72,@NYTimes
-0.3089,Sat Oct 06 02:17:01 +0000 2018,0.093,0.907,0.0,RT @nytopinion: Most Americans are not where this Senate majority is. They do not support President Trump. They do not approve of relentles‚Ä¶,73,@NYTimes
0.0,Sat Oct 06 02:02:01 +0000 2018,0.0,1.0,0.0,"The man that the Danish government says swindled it out of $2 billion resides in a 10,000 square foot home in Dubai‚Ä¶ https://t.co/TjcEYEGDJg",74,@NYTimes
0.4939,Sat Oct 06 01:45:09 +0000 2018,0.0,0.792,0.208,Senator Susan Collins took to the Senate floor and delivered a 45-minute point-by-point defense of her support for‚Ä¶ https://t.co/FDzRLUqY25,75,@NYTimes
0.2975,Sat Oct 06 01:30:03 +0000 2018,0.0,0.885,0.115,"To the right and left alike, Judge Kavanaugh‚Äôs nomination appears less like a final spasm of division ‚Äî a sobering‚Ä¶ https://t.co/jXFaMlvvFf",76,@NYTimes
0.4019,Sat Oct 06 01:17:05 +0000 2018,0.0,0.876,0.124,RT @nytpolitics: Senator Susan Collins delivered a speech on the Senate floor explaining her decision to support Judge Brett Kavanaugh‚Äôs co‚Ä¶,77,@NYTimes
0.0,Sat Oct 06 01:02:04 +0000 2018,0.0,1.0,0.0,Evening Briefing: Here's what you need to know at the end of the day https://t.co/AlQnsOMTpn,78,@NYTimes
-0.296,Sat Oct 06 00:47:02 +0000 2018,0.115,0.885,0.0,"Citing 6 recent inmate deaths, a Cleveland judge said he would release people accused of low-level crimes on their‚Ä¶ https://t.co/DAwLd9yvf9",79,@NYTimes
0.4215,Sat Oct 06 00:32:06 +0000 2018,0.0,0.896,0.104,"The FDA approved an expansion of the age range for the HPV vaccine, so it can now be used in people ages 27 through‚Ä¶ https://t.co/BLhkyefPiQ",80,@NYTimes
-0.8271,Sat Oct 06 00:17:02 +0000 2018,0.325,0.675,0.0,RT @marclacey: Here's how rare it is for a police officer to face prison for killing a black person: https://t.co/S6IekxiOck,81,@NYTimes
0.0,Sat Oct 06 00:02:05 +0000 2018,0.0,1.0,0.0,"At Babe Ruth's resting place, cemetery workers find ‚öæüå≠üçïüçª and more https://t.co/DEHsWhJK7b",82,@NYTimes
0.0,Fri Oct 05 23:51:01 +0000 2018,0.0,1.0,0.0,Get our On Politics newsletter delivered to your inbox. Sign up here: https://t.co/z8lYRF1UVP,83,@NYTimes
0.0,Fri Oct 05 23:47:01 +0000 2018,0.0,1.0,0.0,"From our On Politics newsletter: If Senator Lisa Murkowski is unique, perhaps it‚Äôs because her home state‚Äôs politic‚Ä¶ https://t.co/RjLpBeHjyP",84,@NYTimes
-0.7269,Fri Oct 05 23:32:06 +0000 2018,0.244,0.756,0.0,No time to wait for your phone to charge up? No problem ‚Äî these tips will get you the most battery power in the lea‚Ä¶ https://t.co/MPzov0YfKW,85,@NYTimes
0.8591,Fri Oct 05 23:17:03 +0000 2018,0.0,0.698,0.302,RT @nytvideo: ‚ÄúThe world has started listening to women.‚Äù Two activists were awarded the 2018 Nobel Peace Prize for their work to end the u‚Ä¶,86,@NYTimes
0.4019,Fri Oct 05 23:02:07 +0000 2018,0.065,0.791,0.144,"In 2015, Leon Lederman, a Nobel Prize-winning physicist, had to sell his medal for $765,000 to pay medical bills https://t.co/NyHdAoLFZ4",87,@NYTimes
0.0,Fri Oct 05 22:47:02 +0000 2018,0.0,1.0,0.0,Evening Briefing: Here's what you need to know at the end of the day https://t.co/03lLEcTPTO,88,@NYTimes
0.4019,Fri Oct 05 22:36:04 +0000 2018,0.0,0.876,0.124,"RT @TomJolly: Here‚Äôs a look at the special section coming in the Sunday @nytimes, reprinting the two investigative stories on ‚Å¶@realDonaldT‚Ä¶",89,@NYTimes
0.2263,Fri Oct 05 22:32:04 +0000 2018,0.0,0.863,0.137,Here's a list of early voting dates for the states that allow it https://t.co/SNqAUsnLNe,90,@NYTimes
0.1531,Fri Oct 05 22:17:02 +0000 2018,0.091,0.761,0.149,RT @MitchKSmith: Some jurors are now talking to reporters about the verdict. It sounds like the disagreement was on whether to convict on f‚Ä¶,91,@NYTimes
-0.4215,Fri Oct 05 22:02:05 +0000 2018,0.149,0.851,0.0,Kerry James Marshall is exasperated by the potential sale of a public mural of his in Chicago https://t.co/vQngwgwTBs,92,@NYTimes
-0.8176,Fri Oct 05 21:41:03 +0000 2018,0.254,0.746,0.0,"RT @MitchKSmith: For the first time in nearly 50 years, a Chicago police officer has been convicted of murder. Jason Van Dyke is guilty of‚Ä¶",93,@NYTimes
0.8519,Fri Oct 05 21:20:04 +0000 2018,0.0,0.542,0.458,"RT @kimseverson: Dear Twitter,                              Here are the cookbooks we like best this season.                             Lo‚Ä¶",94,@NYTimes
0.5346,Fri Oct 05 21:12:06 +0000 2018,0.0,0.81,0.19,"RT @MitchKSmith: Joseph McMahon, the special prosecutor, calls it a ‚Äúgratifying verdict.‚Äù He adds: ‚ÄúBut we all know that this verdict does‚Ä¶",95,@NYTimes
0.8126,Fri Oct 05 21:07:59 +0000 2018,0.088,0.5,0.412,A top Democrat promised to open an investigation into accusations against Brett Kavanaugh if the party wins control‚Ä¶ https://t.co/v8eOOGZT9d,96,@NYTimes
0.0,Fri Oct 05 21:00:21 +0000 2018,0.0,1.0,0.0,"The NYT review of ""A Star Is Born"" https://t.co/4xofqZKIud",97,@NYTimes
0.0,Fri Oct 05 20:45:05 +0000 2018,0.0,1.0,0.0,"RT @dagnysalas: Everything from @nytimes in one place on Brett Kavanaugh, how the Senate is voting and more https://t.co/vSNb9b9s8C",98,@NYTimes
0.5927,Fri Oct 05 20:35:03 +0000 2018,0.0,0.839,0.161,"Employers added only 134,000 jobs to their payrolls last month, but the numbers are better than that single data po‚Ä¶ https://t.co/SZQTr6f3wN",99,@NYTimes
0.0,Fri Oct 05 20:25:06 +0000 2018,0.0,1.0,0.0,"RT @MitchKSmith: It is extraordinarily rare for a police officer to be convicted in an on-duty shooting. Last year, a series of closely wat‚Ä¶",100,@NYTimes
